Rank,Player,Pos,Age,Tm,G,MP,PER,TS%,3PAr,FTr,ORB%,DRB%,TRB%,AST%,STL%,BLK%,TOV%,USG%,,OWS,DWS,WS,WS/48,,OBPM,DBPM,BPM,VORP
1,Alex Abrines\abrinal01,SG,25,OKC,7,149,9.5,0.56,0.717,0.109,0.6,5.7,3,3.8,2.2,0.5,5.9,13.6,,0.1,0.2,0.3,0.095,,-0.9,0,-0.9,0
2,Jaylen Adams\adamsja01,PG,22,ATL,4,13,7.3,0.375,1,0,0,15.8,7.8,10.3,0,6.2,0,12.5,,0,0,0,-0.006,,-5.6,0.1,-5.4,0
3,Steven Adams\adamsst01,C,25,OKC,6,207,18.5,0.533,0,0.533,14.8,20,17.3,5.6,2.4,3.2,10.8,15.8,,0.3,0.4,0.6,0.15,,-1.3,3.5,2.2,0.2
4,Bam Adebayo\adebaba01,C,21,MIA,7,124,15.2,0.552,0.054,0.622,12.5,26.6,19.5,8.2,1.1,1.3,17.5,18.6,,0.1,0.2,0.3,0.106,,-1.9,1.7,-0.3,0.1
5,DeVaughn Akoon-Purcell\akoonde01,SG,25,DEN,2,5,-6.3,0.174,0.5,1,21.7,0,10.8,0,0,0,0,24.2,,0,0,0,-0.214,,-9.9,-8.1,-18,0
6,LaMarcus Aldridge\aldrila01,C,33,SAS,7,247,20.3,0.503,0.033,0.393,12.7,15.8,14.2,13.8,0.8,3,7.7,27.1,,0.4,0.2,0.6,0.12,,-0.7,0.1,-0.6,0.1
7,Grayson Allen\allengr01,SG,23,UTA,5,41,14.7,0.709,0.417,0.667,0,5.4,2.8,7.1,0,0,11.4,18.1,,0.1,0,0.1,0.169,,0.9,-3.1,-2.1,0
8,Jarrett Allen\allenja01,C,20,BRK,8,211,19.2,0.631,0.1,0.4,8.9,20.3,14.9,11.1,0.9,5.5,15.6,17,,0.3,0.2,0.6,0.134,,-0.6,3.4,2.8,0.3
9,Al-Farouq Aminu\aminual01,PF,28,POR,8,232,10.6,0.523,0.492,0.305,4.4,24.2,15.3,1.7,1.2,0.7,8.2,13.3,,0.1,0.4,0.5,0.103,,-1.6,0,-1.6,0
10,Kyle Anderson\anderky01,SF,25,MEM,6,138,8.4,0.407,0.077,0.308,5.6,23,14.2,12.8,3.2,1.4,23.4,12.5,,-0.2,0.3,0.1,0.045,,-6.3,5,-1.3,0
11,Ryan Anderson\anderry01,PF,30,PHO,7,147,8.9,0.485,0.537,0.244,7.4,9.7,8.5,11.9,0.6,0,11.7,15.1,,0,0,0,0.003,,-1.3,-2.8,-4.1,-0.1
12,Ike Anigbogu\anigbik01,C,20,IND,1,3,-27,0,0,0,0,38,19.5,0,0,29.2,33.3,44.5,,-0.1,0,-0.1,-1.013,,-46.4,8.3,-38.1,0
13,Giannis Antetokounmpo\antetgi01,PF,24,MIL,7,220,25.4,0.563,0.121,0.364,10,29.9,21.2,28.5,1.5,3.7,17.3,36.7,,0.2,0.6,0.8,0.184,,1.4,5.8,7.2,0.5
14,Carmelo Anthony\anthoca01,PF,34,HOU,6,187,9.9,0.484,0.467,0.2,3,17.7,9.4,3.3,1,2.5,6.8,19.5,,-0.1,0.1,0,-0.002,,-4.2,-1.6,-5.8,-0.2
15,OG Anunoby\anunoog01,SF,21,TOR,5,121,8.1,0.545,0.545,0,3.6,10.4,7.2,3.1,1.2,1.3,10.8,12.8,,0,0.1,0.2,0.061,,-1.1,0.5,-0.6,0
16,Ryan Arcidiacono\arcidry01,PG,24,CHI,7,178,14.3,0.702,0.75,0.156,0.6,6.6,3.7,28.7,1.6,0.5,14.9,9.9,,0.5,0,0.5,0.125,,2.3,-3.7,-1.4,0
17,Trevor Ariza\arizatr01,SF,33,PHO,7,228,8.8,0.496,0.6,0.231,1.9,15.6,8.5,15.8,1,0.4,14.4,15.9,,-0.1,0,0,-0.008,,-2,-1.6,-3.6,-0.1
18,D.J. Augustin\augusdj01,PG,31,ORL,7,183,10.6,0.498,0.527,0.218,2,5.8,3.8,26.2,0.8,0,11.7,15.7,,0.1,0,0.2,0.044,,-0.7,-2.8,-3.6,-0.1
19,Deandre Ayton\aytonde01,C,20,PHO,7,217,21.6,0.64,0,0.163,7.5,30.1,18.3,19.5,0.9,1.5,9.8,20.4,,0.6,0.1,0.7,0.15,,2,0.4,2.4,0.2
20,Dwayne Bacon\bacondw01,SG,23,CHO,3,21,25.4,0.717,0.5,0.5,0,10.2,5,14.1,2.3,0,0,19.8,,0.1,0,0.1,0.319,,7.4,-3,4.4,0
21,Marvin Bagley\baglema01,PF,19,SAC,9,210,18.9,0.6,0.108,0.398,13.3,16.9,15.1,6.4,1.5,4,17.7,23.1,,0.2,0.3,0.5,0.118,,0.1,0.1,0.3,0.1
22,Ron Baker\bakerro01,SG,25,NYK,6,79,-0.4,0.213,0.7,0.4,0,5.8,2.7,10.9,1.8,0,14.5,7.3,,-0.1,0,-0.1,-0.049,,-5.1,0.1,-4.9,-0.1
23,Wade Baldwin\baldwwa01,PG,22,POR,2,5,-39.1,0,0.333,0,0,36.8,20.3,0,0,0,40,42.4,,-0.1,0,-0.1,-1.074,,-41,-7.9,-48.9,-0.1
24,Lonzo Ball\balllo01,PG,21,LAL,8,224,14.1,0.587,0.6,0.138,2.8,14,8.5,19.1,1.8,0,13.8,14.5,,0.3,0.1,0.4,0.096,,1.7,-1.5,0.2,0.1
25,Mohamed Bamba\bambamo01,C,20,ORL,7,144,14.4,0.568,0.394,0.152,5.1,22.2,13.1,8.2,0.7,8.1,12.4,11.7,,0.1,0.2,0.3,0.091,,-2.8,4.8,2,0.1
26,J.J. Barea\bareajo01,PG,34,DAL,8,149,12.9,0.38,0.321,0.179,3.6,10.5,6.8,50.9,1.9,0,10.6,26.1,,-0.1,0.1,0,0,,-1.2,-3,-4.2,-0.1
27,Harrison Barnes\barneha02,SF,26,DAL,4,125,8.8,0.444,0.333,0.2,1.7,16.3,8.6,6,1.5,1.3,7.1,23.2,,-0.2,0.1,-0.1,-0.038,,-5.5,-2.4,-7.9,-0.2
28,Will Barton\bartowi01,SG,28,DEN,2,54,22.7,0.725,0.429,0.19,0,19.8,10,17.3,0.9,3.2,11.6,20,,0.2,0.1,0.3,0.253,,2.7,1.4,4.1,0.1
29,Keita Bates-Diop\bateske01,SF,23,MIN,1,6,-4.4,0,0,0,0,17.4,8.7,0,0,0,0,6.8,,0,0,0,-0.171,,-11.8,-3.5,-15.3,0
30,Nicolas Batum\batumni01,SF,30,CHO,9,307,12.3,0.579,0.532,0.114,3.1,16.8,9.8,14.3,1.7,2,19.4,14.3,,0.1,0.3,0.5,0.077,,0.5,1.6,2.1,0.3
31,Aron Baynes\baynear01,C,32,BOS,5,73,17.3,0.531,0.5,0.367,13.4,17.8,15.5,13.2,0,1.1,5.4,21.6,,0.2,0.2,0.3,0.206,,2.7,0.4,3.1,0.1
32,Kent Bazemore\bazemke01,SG,29,ATL,8,235,14.3,0.566,0.453,0.242,3.4,12.7,8,12.9,2.3,2.8,13.9,21.1,,0.1,0.2,0.3,0.059,,-1.6,0.4,-1.2,0
33,Bradley Beal\bealbr01,SG,25,WAS,7,233,18.1,0.563,0.469,0.219,0.9,12.5,6.6,20.2,1.4,2.1,9.1,27.6,,0.2,0.1,0.3,0.06,,3,-1.7,1.3,0.2
34,Malik Beasley\beaslma01,SG,22,DEN,8,147,7.4,0.49,0.417,0,1.5,12.4,7,6.6,1,0.6,11.1,15.4,,-0.1,0.2,0.1,0.04,,-4.2,0.1,-4.1,-0.1
35,Michael Beasley\beaslmi01,PF,30,LAL,3,10,-5.7,0.387,0,0.667,10.6,20.9,15.8,0,0,0,34,23.8,,-0.1,0,-0.1,-0.266,,-15.3,-7.7,-23,-0.1
36,Marco Belinelli\belinma01,SG,32,SAS,7,151,12.3,0.514,0.485,0.265,0.7,10.6,5.4,9.6,1.6,0.5,8.4,23.7,,0,0.1,0.2,0.048,,-1.5,-2.7,-4.2,-0.1
37,Jordan Bell\belljo01,C,24,GSW,8,89,12.3,0.604,0,0.636,6.7,16.1,11.8,5,2.1,9.4,22.1,8.6,,0.1,0.2,0.2,0.122,,-1.8,5.7,3.9,0.1
38,DeAndre' Bembry\bembrde01,SG,24,ATL,8,200,10,0.494,0.297,0.281,2.5,19.5,10.9,15.3,2.5,2,19.1,18.1,,-0.2,0.2,0,-0.002,,-5.6,1.6,-4,-0.1
39,Dragan Bender\bendedr01,PF,21,PHO,4,14,5,0.5,0.25,0,15.6,25.4,20.3,0,0,0,33.3,18.6,,0,0,0,-0.134,,-10,-7.6,-17.6,-0.1
40,Davis Bertans\bertada01,PF,26,SAS,7,110,15.1,0.738,0.792,0.167,3.8,11.5,7.5,10.8,0.9,1.5,10.4,11.3,,0.3,0.1,0.4,0.163,,2.7,-0.7,2,0.1
41,Patrick Beverley\beverpa01,PG,30,LAC,8,193,7.3,0.39,0.558,0.25,3.5,16.6,10.6,24.9,1.4,0.8,17.2,15.1,,-0.2,0.2,0.1,0.024,,-1.1,0.7,-0.3,0.1
42,Khem Birch\birchkh01,C,26,ORL,2,17,11.8,0.5,0,0,0,12.5,5.8,0,5.6,0,0,9.9,,0,0,0,0.079,,-5,2,-3,0
43,Bismack Biyombo\biyombi01,C,26,CHO,4,45,11.9,0.49,0,0.625,9.3,21.5,15.3,2.9,0,13.6,16.4,11.5,,0,0.1,0.1,0.083,,-5.1,5.8,0.7,0
44,Nemanja Bjelica\bjeline01,PF,30,SAC,9,244,22.8,0.712,0.422,0.211,4.2,18.3,11.3,14.9,2.2,2.8,10.9,18.5,,0.8,0.4,1.2,0.233,,5.9,1.2,7.1,0.6
45,Antonio Blakeney\blakean01,SG,22,CHI,8,138,18.3,0.621,0.338,0.262,0.8,13.1,7.1,4.9,0.3,1.3,4,23.9,,0.3,0,0.2,0.078,,1.3,-5,-3.8,-0.1
46,Eric Bledsoe\bledser01,PG,29,MIL,8,227,18.1,0.562,0.4,0.224,4.8,9.2,7.3,33,1.4,2.5,14.6,19.8,,0.5,0.4,1,0.21,,2.9,1.9,4.8,0.4
47,Bojan Bogdanovic\bogdabo02,SF,29,IND,8,242,12.6,0.658,0.397,0.231,1,13.2,7.2,3.4,0.4,0,14.9,18.5,,0.3,0.2,0.5,0.092,,0.2,-1.8,-1.6,0
48,Jonah Bolden\boldejo01,PF,23,PHI,4,15,2,0.363,0.667,0.333,0,13.2,6.7,9.4,0,5.1,12.7,21.4,,-0.1,0,0,-0.11,,-7.9,-1,-8.9,0
49,Devin Booker\bookede01,SG,22,PHO,4,137,20.9,0.649,0.437,0.465,0.8,14.7,7.5,37.5,1,0,20.5,34,,0.2,0,0.2,0.072,,5,-3.7,1.3,0.1
50,Chris Boucher\bouchch01,PF,26,TOR,1,2,142.3,0.647,0.5,3,100,0,51.5,0,0,40.5,0,97.3,,0.1,0,0.1,1.618,,41,-12.8,28.2,0
51,Avery Bradley\bradlav01,SG,28,LAC,8,224,3.6,0.41,0.348,0.014,3,4.3,3.7,7.9,1.2,1,14.7,15.2,,-0.4,0.2,-0.2,-0.043,,-3,-0.6,-3.6,-0.1
52,Mikal Bridges\bridgmi01,SF,22,PHO,7,118,12.9,0.586,0.486,0.297,1.8,11.1,6.3,10.5,3.2,0,12.5,17.6,,0.1,0.1,0.1,0.055,,-0.3,-1.3,-1.7,0
53,Miles Bridges\bridgmi02,SF,20,CHO,8,152,15.2,0.637,0.432,0.159,2.8,17,9.8,9.4,1.9,1.7,11.3,14.9,,0.2,0.2,0.4,0.124,,1.4,0.5,1.9,0.1
54,Isaiah Briscoe\briscis01,PG,22,ORL,3,23,13.1,0.536,0.125,0.375,0,9.3,4.3,35.2,0,0,9.7,18.8,,0,0,0,0.064,,-1.5,-4.6,-6,0
55,Ryan Broekhoff\broekry01,SG,28,DAL,5,15,1.7,0.375,1,0,0,16,7.5,0,0,0,0,22.1,,0,0,0,-0.11,,-5.8,-9,-14.8,0
56,Malcolm Brogdon\brogdma01,SG,26,MIL,8,244,13.7,0.632,0.346,0.192,2.7,8.9,6.2,16,0.8,0.7,15.9,16.9,,0.4,0.4,0.8,0.159,,1.3,1.1,2.4,0.3
57,Dillon Brooks\brookdi01,SF,23,MEM,6,110,5.8,0.432,0.321,0.357,3,10.3,6.6,9.5,2.2,1.7,13.4,15.2,,-0.1,0.2,0.1,0.025,,-5.5,1.8,-3.6,0
58,MarShon Brooks\brookma01,SG,30,MEM,5,64,12,0.551,0.385,0.346,1.7,12.4,7,8.3,0.8,0,9.1,23.1,,0,0.1,0.1,0.071,,-2.6,-2.5,-5.1,-0.1
59,Bruce Brown\brownbr01,SG,22,DET,5,74,6.1,0.447,0.417,0.375,2.7,7.5,5,3.9,1.9,2.3,9.7,17.5,,-0.1,0.1,0,0.016,,-3.8,-0.1,-3.8,0
60,Jaylen Brown\brownja02,SG,22,BOS,8,204,7.8,0.451,0.373,0.28,4.8,9.3,7,9.7,0.9,1.2,9.7,19.6,,-0.2,0.4,0.2,0.054,,-3.3,1.4,-2,0
61,Lorenzo Brown\brownlo01,PG,28,TOR,7,64,6.1,0.391,0.435,0,1.7,10.6,6.4,15.7,2.2,2.5,17.9,18.3,,-0.1,0.1,-0.1,-0.038,,-5.2,1.6,-3.6,0
62,Sterling Brown\brownst02,SG,23,MIL,5,26,-2.5,0.25,0.375,0,8.5,23.3,16.8,4.6,0,0,27.3,17.4,,-0.1,0,-0.1,-0.144,,-10.9,0.1,-10.8,-0.1
63,Troy Brown\browntr01,SF,19,WAS,2,14,14.3,0.509,0.167,0.333,7.3,29.8,18.4,0,3.3,0,12.7,23.5,,0,0,0,0.027,,-7.6,-5.4,-13,0
64,Jalen Brunson\brunsja01,PG,22,DAL,8,139,5.2,0.422,0.458,0.083,0,9.5,4.5,11.9,1,0,9.1,16.3,,-0.1,0,-0.1,-0.038,,-5,-2.9,-7.9,-0.2
65,Thomas Bryant\bryanth01,C,21,WAS,2,20,18.2,0.458,0.333,0.417,20.4,15.6,18,8.3,0,0,6.6,31.7,,0,0,0,0.024,,-0.2,-6.3,-6.5,0
66,Reggie Bullock\bullore01,SG,27,DET,6,171,6.8,0.444,0.459,0.246,1.2,7.8,4.3,10.1,0.3,1,8.2,18,,-0.1,0.1,0,0.007,,-3,-1.8,-4.8,-0.1
67,Trey Burke\burketr01,PG,26,NYK,8,170,13.7,0.467,0.289,0.133,4.2,7.4,5.7,27.1,1.1,0,9.3,24,,0,0.1,0.1,0.035,,0.8,-2.6,-1.8,0
68,Alec Burks\burksal01,SG,27,UTA,5,55,17.1,0.58,0.381,0.524,0,14,7.2,13.3,1.7,1.4,7.2,21.4,,0.1,0.1,0.2,0.167,,0.2,0.1,0.2,0
69,Deonte Burton\burtode02,SG,25,OKC,3,13,6.5,0.417,0.333,0,0,8.2,3.9,0,0,6.3,0,18.2,,0,0,0,0.004,,-7.6,-1.3,-8.9,0
70,Jimmy Butler\butleji01,SG,29,MIN,6,202,27.1,0.629,0.275,0.407,5.2,11.4,8.3,15.6,4.2,3.1,7.7,23.5,,0.7,0.2,0.9,0.219,,6,1.3,7.3,0.5
71,Jose Calderon\caldejo01,PG,37,DET,4,42,11,0.597,0.7,0.2,2.4,7.9,5,6.6,2.3,2,8.4,11.8,,0.1,0.1,0.1,0.133,,0.4,0.9,1.3,0
72,Kentavious Caldwell-Pope\caldwke01,SG,25,LAL,8,163,5.9,0.488,0.429,0.333,0.7,9,4.8,2.1,0.8,0.5,9.4,13.2,,-0.1,0,0,-0.014,,-3.7,-3,-6.7,-0.2
73,Isaiah Canaan\canaais01,PG,27,PHO,6,153,7.2,0.504,0.524,0.143,2.1,14,7.8,18.3,1.2,0,21.2,16,,-0.1,0,-0.1,-0.037,,-3.2,-2,-5.1,-0.1
74,Clint Capela\capelca01,C,24,HOU,6,196,18.7,0.579,0,0.232,12.5,25.6,18.2,8.7,0.7,4.4,15.5,19.1,,0.2,0.1,0.3,0.076,,-2.5,1.6,-0.9,0.1
75,Vince Carter\cartevi01,SF,42,ATL,8,166,8.9,0.555,0.686,0.137,1.2,11.1,6.1,6.9,1.3,1.5,11.5,14.9,,0,0.1,0.1,0.032,,-3.1,-1.3,-4.4,-0.1
76,Wendell Carter\cartewe01,C,19,CHI,8,204,15.7,0.493,0.115,0.269,8.1,18.3,13.3,15.5,1.2,6,11.2,21,,0.1,0.1,0.2,0.041,,-2,2,0,0.1
77,Michael Carter-Williams\cartemi01,PG,27,HOU,6,91,9.2,0.425,0.286,0.4,2.1,10.8,5.9,21.8,3.1,3.4,16.3,22.4,,-0.2,0.1,-0.1,-0.059,,-5.7,0.9,-4.7,-0.1
78,Omri Casspi\casspom01,SF,30,MEM,5,73,17.8,0.615,0.318,0.5,3,18.6,10.7,16.4,2,0,6.9,17.7,,0.1,0.1,0.3,0.184,,0.7,0.6,1.3,0.1
79,Willie Cauley-Stein\caulewi01,C,25,SAC,9,267,20.7,0.573,0,0.31,9.3,20.6,15,11,1.9,1,7.1,21.8,,0.6,0.3,0.9,0.169,,1.6,-0.1,1.5,0.2
80,Tyson Chandler\chandty01,C,36,PHO,7,89,11.6,0.653,0,1.5,8.6,42.7,24.9,9.6,1.1,0.9,26,13.1,,0.1,0.1,0.1,0.071,,-4.4,0.4,-4.1,0
81,Marquese Chriss\chrisma01,PF,21,HOU,1,8,4.7,0.4,0.4,0,0,30.6,13.3,0,0,9.7,16.7,31.1,,0,0,0,-0.245,,-15.9,-3.7,-19.6,0
82,Gary Clark\clarkga01,PF,24,HOU,5,38,12.5,0.567,0.867,0,5,19.4,11.2,4.1,0,2,0,16.4,,0.1,0,0.1,0.09,,0.2,-3.5,-3.4,0
83,Ian Clark\clarkia01,SG,27,NOP,7,94,11.1,0.757,0.542,0.167,0,7,3.4,5.4,0.5,0,10.4,12.2,,0.2,0,0.2,0.092,,2.4,-3.3,-0.9,0
84,Jordan Clarkson\clarkjo01,SG,26,CLE,8,180,19.7,0.573,0.292,0.142,4.1,11,7.3,8.3,1.1,1,8.2,28.6,,0.3,0,0.3,0.078,,2.1,-5.7,-3.6,-0.1
85,Zach Collins\colliza01,C,21,POR,8,171,21.1,0.727,0.314,0.392,6,13.4,10.1,9.4,1.1,6.7,14.3,17.3,,0.6,0.3,0.8,0.236,,3.8,3.5,7.3,0.4
86,Darren Collison\collida01,PG,31,IND,8,207,14.5,0.543,0.197,0.23,1.2,7.7,4.5,24,2.9,0,15.2,17,,0.2,0.3,0.5,0.118,,-0.1,0.2,0.2,0.1
87,Mike Conley\conlemi01,PG,31,MEM,6,188,18.9,0.509,0.402,0.351,2.9,10.3,6.6,35.6,2.1,0.5,8.2,29.1,,0.2,0.3,0.5,0.134,,2.9,-0.5,2.4,0.2
88,Pat Connaughton\connapa01,SG,26,MIL,5,66,10.3,0.469,0.556,0.148,3.3,28.9,17.6,8,0.7,1.2,9.4,19.8,,0,0.2,0.1,0.083,,-3.4,1,-2.4,0
89,Quinn Cook\cookqu01,PG,25,GSW,7,72,9.7,0.547,0.429,0.25,1.7,7.1,4.6,8.6,1.3,0,13.9,21.1,,0,0,0,0.033,,-2,-4,-5.9,-0.1
90,Robert Covington\covinro01,SF,28,PHI,9,313,13.2,0.605,0.644,0.189,1.9,14.6,8.3,4.5,2.9,4.2,13.3,14.7,,0.1,0.6,0.7,0.112,,-0.3,3.3,3,0.4
91,Allen Crabbe\crabbal01,SG,26,BRK,7,157,3.2,0.418,0.667,0.296,1.4,15.6,8.8,7.9,0.3,1.4,14.1,19.5,,-0.3,0.1,-0.2,-0.074,,-5.9,-1.3,-7.2,-0.2
92,Torrey Craig\craigto01,SF,28,DEN,7,141,7.9,0.488,0.548,0.129,9.2,9.9,9.6,4.6,1.4,1.9,15.5,11.5,,0,0.2,0.2,0.076,,-2.4,1.9,-0.5,0.1
93,Jamal Crawford\crawfja01,SG,38,PHO,6,67,10.5,0.553,0.6,0.4,0,7.1,3.4,19.6,1.4,0,14.5,17.8,,0,0,0,0.031,,-1.4,-4.5,-5.9,-0.1
94,Jae Crowder\crowdja01,SF,28,UTA,7,215,14.5,0.584,0.606,0.409,4.3,16.9,10.8,8.6,1.1,0,1.3,15.5,,0.5,0.2,0.8,0.17,,2.6,0.3,2.9,0.3
95,Dante Cunningham\cunnida01,PF,31,SAS,7,142,6.6,0.421,0.364,0.182,4.4,17.8,10.8,6,1.4,0.6,7.8,7.8,,0,0.1,0.1,0.049,,-3.6,1.2,-2.5,0
96,Seth Curry\curryse01,SG,28,POR,8,149,7.5,0.579,0.488,0.024,1.5,6.2,4.1,8.1,0,0.5,12.6,13.5,,0.1,0.1,0.2,0.059,,-0.2,-1.5,-1.7,0
97,Stephen Curry\curryst01,PG,30,GSW,9,306,32.5,0.734,0.571,0.253,1.2,14.1,8.1,26.8,1.8,0.6,11,31.3,,1.8,0.3,2.1,0.326,,12.8,-2.5,10.3,1
98,Troy Daniels\danietr01,SG,27,PHO,4,37,9.1,0.453,0.733,0.067,2.9,9.6,6.1,16.5,5.1,0,16.3,21.6,,-0.1,0,0,-0.043,,-1.8,-0.7,-2.5,0
99,Anthony Davis\davisan02,C,25,NOP,5,185,29.1,0.577,0.124,0.517,10,27.9,18.7,20.2,2.5,7.2,6.8,25.3,,0.7,0.3,0.9,0.24,,4.8,5,9.7,0.6
100,Ed Davis\davised01,C,29,BRK,8,136,19.9,0.618,0,0.457,21.2,32.3,27,7.8,0.7,1.6,16,15.8,,0.3,0.2,0.5,0.183,,-0.2,0.7,0.5,0.1
101,Dewayne Dedmon\dedmode01,C,29,ATL,5,92,17.5,0.585,0.276,0.207,6.5,27.9,17.1,4.9,1,7.9,3.1,14.4,,0.2,0.1,0.3,0.161,,-3.5,2.6,-0.9,0
102,Sam Dekker\dekkesa01,PF,24,CLE,7,131,16.2,0.571,0.257,0.229,7.3,20.8,13.5,8.7,4.1,0,11.5,14,,0.2,0.1,0.3,0.103,,0.9,0,0.9,0.1
103,Matthew Dellavedova\dellama01,PG,28,MIL,4,25,4.2,0.5,0.667,0,0,6.9,3.9,20.3,0,0,25,19.7,,0,0,0,-0.009,,-4.1,-2.2,-6.4,0
104,Luol Deng\denglu01,SF,33,MIN,1,12,11.6,0.286,0.429,0,26.2,17.4,21.8,0,0,6.5,0,23.8,,0,0,0,-0.083,,-6.3,-7.8,-14.1,0
105,DeMar DeRozan\derozde01,SG,29,SAS,7,261,25.9,0.587,0.075,0.315,1.6,15.8,8.4,34.1,1.7,0.6,8.3,30,,0.9,0.2,1.2,0.213,,4.7,-0.4,4.4,0.4
106,Cheick Diallo\diallch01,PF,22,NOP,5,50,20.2,0.577,0,0.526,12.4,32.9,22.3,10.9,0.9,3.3,14.6,21.9,,0.1,0,0.1,0.119,,-1,0.2,-0.8,0
107,Hamidou Diallo\diallha01,SG,20,OKC,6,79,16.1,0.547,0.143,0.25,9.7,9.4,9.6,5.7,2.9,3.1,8.8,17,,0.1,0.1,0.2,0.141,,-1.2,2.4,1.2,0.1
108,Gorgui Dieng\dienggo01,C,29,MIN,8,119,19.8,0.627,0.186,0.465,8.8,26.4,17.6,8.8,2,2,14.8,20.9,,0.3,0.1,0.4,0.145,,0.5,-0.6,-0.1,0.1
109,Spencer Dinwiddie\dinwisp01,PG,25,BRK,8,220,15.4,0.626,0.523,0.182,2,7.4,4.8,21.2,0.7,1.3,15.9,22.1,,0.4,0,0.4,0.087,,1.8,-2.1,-0.3,0.1
110,Donte DiVincenzo\divindo01,SG,22,MIL,8,165,11.9,0.591,0.608,0.216,2.7,15.2,9.7,10.4,0.6,1,13.9,16.1,,0.2,0.3,0.5,0.134,,0.3,1.3,1.6,0.2
111,Luka Doncic\doncilu01,PF,19,DAL,8,278,15,0.58,0.458,0.292,3.1,18.1,10.2,19.6,1.2,0.9,19.1,24.9,,0.1,0.2,0.2,0.038,,0,-1.2,-1.2,0.1
112,Tyler Dorsey\dorsety01,SG,22,ATL,5,52,9.9,0.485,0.304,0.174,0,9.9,4.9,9.2,0.9,0,0,19.3,,0,0,0,0.018,,-4.5,-4,-8.6,-0.1
113,Damyean Dotson\dotsoda01,SG,24,NYK,6,178,14.9,0.566,0.544,0.059,3.5,18.7,10.6,4.3,1.9,0.5,5.4,17.5,,0.2,0.2,0.4,0.109,,1.5,-0.8,0.8,0.1
114,Goran Dragic\dragigo01,PG,32,MIA,7,222,14.9,0.542,0.437,0.252,2.3,8.8,5.6,24.8,0.6,0.7,12.3,23.8,,0.3,0.1,0.5,0.098,,2.2,-1.2,1,0.2
115,Andre Drummond\drumman01,C,25,DET,7,226,21.4,0.519,0.07,0.281,17.9,36.3,26.7,6.3,1.3,3.7,14.7,27.8,,0.1,0.4,0.5,0.107,,-2.5,0.6,-1.9,0
116,Jared Dudley\dudleja01,PF,33,BRK,8,210,9.7,0.527,0.744,0.186,3.7,9.2,6.6,12.8,1.9,0.7,7.9,10.3,,0.3,0.1,0.4,0.085,,-0.1,0.9,0.8,0.1
117,Kris Dunn\dunnkr01,PG,24,CHI,1,30,-0.6,0.346,0.308,0,0,14.2,7.2,33.4,0,0,23.5,24.7,,-0.1,0,-0.1,-0.234,,-8.7,-4.5,-13.2,-0.1
118,Kevin Durant\duranke01,PF,30,GSW,9,318,27.1,0.651,0.224,0.294,0.8,20.3,11.3,26.6,1.3,1.7,10.7,28.5,,1.3,0.4,1.7,0.254,,5.2,-0.3,4.9,0.6
119,Henry Ellenson\ellenhe01,PF,22,DET,1,8,25.2,0.595,0.4,0.4,0,41.6,19.8,0,0,0,0,30.8,,0,0,0,0.263,,-1.7,-10.6,-12.3,0
120,Joel Embiid\embiijo01,C,24,PHI,9,310,26.1,0.578,0.222,0.402,7.8,26.5,17.2,20,0.3,5.2,8.6,32,,0.8,0.5,1.4,0.213,,3.8,1.8,5.6,0.6
121,James Ennis\ennisja01,SF,28,HOU,3,70,8.6,0.526,0.737,0,8.1,5.3,6.8,6.1,2,0,9.5,12.5,,0.1,0,0.1,0.041,,-0.6,-1.2,-1.8,0
122,Drew Eubanks\eubandr01,PF,21,SAS,2,6,21.3,0.694,0,1,0,0,0,0,0,0,0,20.7,,0,0,0,0.254,,0.3,-6.2,-5.9,0
123,Jacob Evans\evansja02,SG,21,GSW,6,38,4.7,0.286,0,0,3.2,5.4,4.4,20,1.2,0,12.5,8.9,,0,0,0,0.021,,-4.2,-2.2,-6.4,0
124,Tyreke Evans\evansty01,SG,29,IND,7,141,16.4,0.505,0.318,0.182,2.5,13.7,8.3,21,2.8,3.1,12.3,25.6,,0,0.2,0.3,0.087,,-0.4,2,1.6,0.1
125,Dante Exum\exumda01,PG,23,UTA,7,132,14.1,0.527,0.291,0.473,3.5,10.8,7.3,16.2,0.7,1.2,9.5,23.5,,0.1,0.1,0.3,0.093,,-1,-0.7,-1.7,0
126,Kenneth Faried\farieke01,PF,29,BRK,3,15,20,0.8,0,0,7.4,20.4,14.2,0,3.3,0,28.6,20.1,,0,0,0,0.055,,-4.2,-2.7,-6.9,0
127,Derrick Favors\favorde01,C,27,UTA,6,134,15.3,0.545,0.184,0.408,15.6,21.4,18.6,2.3,1.1,4.1,16,21.7,,0.1,0.2,0.3,0.097,,-2.9,0.5,-2.4,0
128,Cristiano Felicio\feliccr01,C,26,CHI,5,108,11.6,0.598,0,0.526,9.2,20.7,15.1,3.8,1.3,0.8,17.6,11.5,,0.1,0,0.1,0.063,,-2.6,-0.9,-3.4,0
129,Raymond Felton\feltora01,PG,34,OKC,2,32,11.6,0.448,0.353,0.412,3,19.9,11,19.2,0,2.5,13,28.4,,0,0,0,-0.011,,-4.6,-0.9,-5.6,0
130,Terrance Ferguson\fergute01,SG,20,OKC,7,147,-0.4,0.322,0.583,0.083,3.3,4.3,3.8,2.6,1.3,0.6,22,8.6,,-0.3,0.1,-0.2,-0.05,,-6.6,1.3,-5.3,-0.1
131,Yogi Ferrell\ferreyo01,SG,25,SAC,8,133,10.4,0.517,0.419,0.233,1.6,8.4,5,7.2,1.7,0.6,7.8,15.8,,0.1,0.1,0.2,0.063,,-0.9,-1.8,-2.7,0
132,Dorian Finney-Smith\finnedo01,SF,25,DAL,8,201,10.1,0.6,0.592,0.122,6.4,8.4,7.3,4.1,1.6,1.6,13.4,12.3,,0.2,0.1,0.3,0.07,,-0.4,-0.5,-0.9,0.1
133,Bryn Forbes\forbebr01,PG,25,SAS,7,208,13,0.589,0.48,0.147,1,5.5,3.2,13.1,1.6,0,10.1,18.4,,0.3,0.1,0.4,0.092,,0.9,-2.3,-1.4,0
134,Evan Fournier\fournev01,SG,26,ORL,7,201,11.2,0.465,0.439,0.15,0.5,9.6,4.7,23.5,0.7,0,5.8,25.3,,-0.1,0.1,0,-0.001,,0.1,-3.3,-3.2,-0.1
135,De'Aaron Fox\foxde01,PG,21,SAC,9,293,19.7,0.579,0.193,0.546,2.8,11.4,7.2,31.6,2,1.2,16.9,24.8,,0.6,0.3,0.9,0.142,,2.4,-0.8,1.6,0.3
136,Tim Frazier\fraziti01,PG,28,NOP,5,88,8.7,0.595,0.611,0.167,2.3,10,6,19.1,1,0.9,23.7,11.5,,0.1,0,0.1,0.032,,0,-1.7,-1.7,0
137,Channing Frye\fryech01,C,35,CLE,1,21,7.2,0.625,0.5,0,0,23.6,10.9,6.5,0,0,0,8,,0,0,0,0.065,,-1.6,-3.7,-5.3,0
138,Markelle Fultz\fultzma01,SG,20,PHI,9,218,11.5,0.447,0.14,0.161,6,11.4,8.7,24.7,1.9,0.4,11.5,21.1,,-0.1,0.3,0.2,0.044,,-2.4,0,-2.4,0
139,Danilo Gallinari\gallida01,SF,30,LAC,8,237,22.2,0.622,0.357,0.42,4.8,16.8,11.3,7.3,1,1.3,5.7,24.8,,0.8,0.3,1.1,0.225,,4.8,-2.1,2.7,0.3
140,Langston Galloway\gallola01,SG,27,DET,6,134,5.3,0.446,0.677,0.194,0.8,9.1,4.7,4.1,0.7,0.6,2.9,10.8,,0,0.1,0.1,0.035,,-2.5,-0.7,-3.2,0
141,Marc Gasol\gasolma01,C,34,MEM,6,190,19.2,0.557,0.333,0.333,2.3,26.9,14.5,18.8,3.1,1.5,7.8,21.1,,0.2,0.5,0.7,0.178,,0.5,3.6,4.1,0.3
142,Pau Gasol\gasolpa01,C,38,SAS,7,121,21.5,0.614,0.152,0.364,8.7,31.2,19.5,25.1,0.4,4.1,13.6,15.8,,0.4,0.2,0.5,0.206,,1,3,4,0.2
143,Rudy Gay\gayru01,SF,32,SAS,7,205,16.7,0.589,0.175,0.138,5.1,27.4,15.8,10.4,2.1,1.6,16.7,21.4,,0.1,0.3,0.4,0.088,,-1.9,1.3,-0.6,0.1
144,Paul George\georgpa01,SF,28,OKC,7,248,16.6,0.504,0.455,0.315,1.9,19.2,10.1,15.7,3.2,2.3,12.4,29.6,,-0.1,0.5,0.4,0.077,,-0.4,2,1.7,0.2
145,Taj Gibson\gibsota01,PF,33,MIN,8,211,16.9,0.627,0.1,0.233,10.9,15.4,13.1,5.5,1.6,3.3,13.1,14.7,,0.4,0.1,0.5,0.108,,1,0.4,1.4,0.2
146,Harry Giles\gilesha01,PF,20,SAC,7,75,0.4,0.351,0.029,0.206,6.9,20.3,13.6,8.3,1.8,2.3,21.2,25.7,,-0.4,0.1,-0.3,-0.176,,-11,-0.5,-11.5,-0.2
147,Shai Gilgeous-Alexander\gilgesh01,PG,20,LAC,8,199,12.2,0.564,0.118,0.333,2.8,9.8,6.6,18.7,1.6,1.5,19.3,15.2,,0.1,0.2,0.4,0.085,,-0.2,0.6,0.4,0.1
148,Rudy Gobert\goberru01,C,26,UTA,7,238,26.8,0.756,0,0.734,12.7,31.5,22.3,5.3,2,6.2,15,17.7,,0.9,0.5,1.4,0.28,,2.6,5.1,7.7,0.6
149,Aaron Gordon\gordoaa01,PF,23,ORL,7,227,13.7,0.514,0.363,0.352,6.5,20.7,13.1,12.1,1.3,2.9,14.6,22.8,,-0.1,0.3,0.1,0.026,,-1.4,1.3,-0.1,0.1
150,Eric Gordon\gordoer01,SG,30,HOU,6,198,6.6,0.402,0.48,0.153,2.4,11.1,6.2,7,0.5,2,4.6,23,,-0.3,0,-0.3,-0.083,,-5.6,-2.8,-8.4,-0.3
151,Marcin Gortat\gortama01,C,34,LAC,8,133,9.6,0.486,0,0.44,11.1,22.7,17.3,11.7,0,3.3,23.2,12.2,,0,0.2,0.2,0.073,,-2,2.1,0.1,0.1
152,Devonte' Graham\grahade01,PG,23,CHO,2,19,10.7,0.583,0.5,0,0,11.3,5.6,22.2,0,0,14.3,15.7,,0,0,0,0.073,,-0.3,-3.9,-4.2,0
153,Treveon Graham\grahatr01,SG,25,BRK,2,27,-5.2,0,0.667,0,4.1,11.3,7.9,4.5,1.8,0,40,8,,-0.1,0,-0.1,-0.155,,-9.8,1.9,-7.9,0
154,Jerami Grant\grantje01,PF,24,OKC,7,202,9.5,0.474,0.393,0.464,4.3,13.1,8.5,6.1,1.1,4,10.6,14.7,,0,0.3,0.2,0.054,,-3.8,2.4,-1.4,0
155,Jerian Grant\grantje02,PG,26,ORL,7,145,5.6,0.384,0.361,0.111,3.2,9.6,6.2,17.5,2.6,0.6,22.6,14.1,,-0.3,0.1,-0.2,-0.054,,-5.4,1.3,-4.1,-0.1
156,Danny Green\greenda02,SG,31,TOR,8,249,13.2,0.632,0.723,0.077,2.6,12.5,7.9,6.5,1.7,2.6,8.2,12.3,,0.4,0.3,0.7,0.141,,2.2,2.4,4.6,0.4
157,Draymond Green\greendr01,PF,28,GSW,9,283,14.7,0.551,0.344,0.262,3.4,20.6,12.7,29.7,3,2.3,29.2,14.3,,0.3,0.5,0.7,0.124,,0,3,3.1,0.4
158,Gerald Green\greenge01,SG,33,HOU,6,126,9.9,0.517,0.787,0.064,3.7,12.6,7.6,4.8,1.1,0.6,7.6,17.2,,0,0,0,0.014,,-1.5,-2.6,-4.1,-0.1
159,JaMychal Green\greenja01,PF,28,MEM,2,39,14.7,0.472,0.133,0.133,11.4,23.3,17.2,17.2,5.1,0,20.1,22.8,,-0.1,0.1,0.1,0.065,,-3.7,4.3,0.7,0
160,Jeff Green\greenje02,PF,32,WAS,7,183,11.4,0.551,0.357,0.304,4.4,16.5,10.4,8.2,1,2.2,15.9,17.2,,0,0.1,0.1,0.02,,-2.4,-0.1,-2.4,0
161,Blake Griffin\griffbl01,PF,29,DET,7,255,24.4,0.601,0.287,0.382,5.6,26.1,15.4,21.4,0.6,1.7,12.2,29.7,,0.7,0.3,1,0.191,,5,0.6,5.6,0.5
162,Tim Hardaway\hardati02,SG,26,NYK,8,267,20.6,0.58,0.456,0.275,1.2,9,4.9,17.3,1.3,0,8.7,31,,0.6,0.1,0.8,0.141,,6.1,-3.5,2.7,0.3
163,James Harden\hardeja01,SG,29,HOU,4,144,26.1,0.607,0.43,0.43,2.6,17.9,9.2,46.2,2.6,1.1,17.6,32.9,,0.4,0.1,0.4,0.147,,7.1,0.1,7.2,0.3
164,Maurice Harkless\harklma01,SF,25,POR,5,88,11.1,0.503,0.444,0.111,3.9,21.9,13.8,7.2,1.1,5.2,9.6,10.1,,0.1,0.2,0.2,0.117,,-1.5,4.2,2.7,0.1
165,Montrezl Harrell\harremo01,C,25,LAC,8,158,23.8,0.679,0,0.709,3.6,22.2,13.6,10.1,2.1,6.6,14.3,22.3,,0.4,0.3,0.7,0.227,,1.6,3.8,5.3,0.3
166,Devin Harris\harride01,PG,35,DAL,1,6,-7.7,0,0.5,0,0,0,0,19.8,0,0,0,13.8,,0,0,0,-0.277,,-13.6,-8.3,-21.8,0
167,Gary Harris\harriga01,SG,24,DEN,8,266,18.8,0.551,0.303,0.262,2.9,9.7,6.3,16.2,1.6,1.6,4.9,22.6,,0.6,0.4,1,0.182,,1.4,0.4,1.8,0.3
168,Joe Harris\harrijo01,SG,27,BRK,8,243,13.3,0.681,0.56,0.107,3.2,10.9,7.2,11.9,0.8,0.3,16.9,16.7,,0.4,0.1,0.4,0.086,,1.5,-0.9,0.6,0.2
169,Tobias Harris\harrito02,PF,26,LAC,8,272,19.4,0.605,0.288,0.28,4.6,20.4,13.1,9,0.3,1.6,9.7,23.9,,0.5,0.3,0.9,0.152,,2.5,-1.3,1.2,0.2
170,Andrew Harrison\harrian01,PG,24,MEM,1,5,4.6,0.5,0.5,0,0,0,0,0,0,0,0,17.9,,0,0,0,0.009,,-4,-4.8,-8.8,0
171,Shaquille Harrison\harrish01,PG,25,CHI,3,36,21.4,0.564,0.313,0.625,9.2,14.8,12.1,31.8,2.7,0,12.8,28.4,,0.1,0,0.1,0.125,,4.8,-1.4,3.5,0
172,Josh Hart\hartjo01,SG,23,LAL,8,232,11.7,0.561,0.538,0.192,1.4,14,7.7,5.8,2.7,1,11.5,16.7,,0.1,0.2,0.2,0.049,,-0.5,-0.8,-1.3,0
173,Isaiah Hartenstein\harteis01,PF,20,HOU,5,34,12.1,0.615,0.25,0.5,5.5,3.6,4.7,17.3,1.4,4.6,17,14.4,,0.1,0,0.1,0.103,,-1.9,0.2,-1.7,0
174,Udonis Haslem\hasleud01,C,38,MIA,1,4,-45.1,0,1,0,0,25.8,12.9,0,0,0,50,40.4,,-0.1,0,-0.1,-1.103,,-35.6,-6,-41.6,0
175,Gordon Hayward\haywago01,SF,28,BOS,7,174,13.4,0.522,0.386,0.186,3.9,16.6,10.2,14,1.9,0.5,11.7,21.1,,0,0.4,0.4,0.112,,-1,2.4,1.4,0.2
176,John Henson\hensojo01,C,28,MIL,8,121,17.6,0.517,0.357,0.238,11.8,30.1,22,6.5,2.3,6,14.7,18.5,,0,0.4,0.4,0.173,,-2,5.6,3.6,0.2
177,Juan Hernangomez\hernaju01,PF,23,DEN,7,123,15.1,0.641,0.625,0.219,7.1,16.6,11.8,3.3,1.6,2.8,10.2,13.3,,0.2,0.2,0.5,0.176,,0.1,1.6,1.7,0.1
178,Willy Hernangomez\hernawi01,C,24,CHO,8,109,19,0.614,0.176,0.559,16.3,24.6,20.4,6.4,1.8,1.6,17.5,20,,0.2,0.2,0.4,0.172,,0.9,-0.4,0.5,0.1
179,Mario Hezonja\hezonma01,SF,23,NYK,8,145,6.7,0.422,0.405,0.114,0.7,19,9.3,10,1.7,0,11.7,27.3,,-0.4,0.1,-0.3,-0.1,,-4.9,-2.1,-7.1,-0.2
180,Buddy Hield\hieldbu01,SG,25,SAC,9,290,17.5,0.637,0.346,0.169,2.5,16.5,9.5,11.9,0.8,1.8,14.7,23.1,,0.4,0.3,0.7,0.117,,2.1,-1.3,0.8,0.2
181,George Hill\hillge01,PG,32,CLE,8,204,16.5,0.642,0.264,0.208,4.2,3.6,3.9,15.3,1.4,0.4,12.3,18.5,,0.5,-0.1,0.4,0.105,,3.2,-4.4,-1.2,0
182,Solomon Hill\hillso01,SF,27,NOP,8,142,5.1,0.358,0.483,0.138,1.5,11.6,6.4,11.2,1.9,1.8,14,10.1,,-0.1,0,-0.1,-0.028,,-3.2,0.9,-2.3,0
183,Aaron Holiday\holidaa01,PG,22,IND,5,16,-3.7,0.417,0.667,0,0,7.1,3.6,16,0,0,33.3,25,,-0.1,0,-0.1,-0.237,,-9.3,-3.8,-13.1,0
184,Jrue Holiday\holidjr01,SG,28,NOP,8,282,16.2,0.516,0.319,0.345,2.2,10.1,6,30.7,2.4,1.2,15.8,22.5,,0.3,0.1,0.4,0.064,,1.3,-0.9,0.4,0.2
185,Justin Holiday\holidju01,SG,29,CHI,8,274,12.5,0.585,0.724,0.105,1.2,10.9,6.1,10.2,1.9,1,4.8,13.3,,0.4,0,0.4,0.069,,2,-0.9,1.1,0.2
186,John Holland\hollajo02,SF,30,CLE,1,1,0,,,,0,0,0,0,0,0,,0,,0,0,0,-0.041,,-5.1,-1.9,-7,0
187,Rondae Hollis-Jefferson\holliro01,SF,24,BRK,5,107,10.6,0.408,0.08,0.12,4.1,24.8,14.9,7.4,1.4,2.7,5.4,22.4,,-0.2,0.1,0,-0.022,,-7.8,0.5,-7.3,-0.1
188,Richaun Holmes\holmeri01,C,25,PHO,6,26,13.1,0.532,0,2,16.8,22.8,19.7,10.3,1.8,3.1,21,7.9,,0,0,0.1,0.11,,-1.5,2.2,0.7,0
189,Rodney Hood\hoodro01,SG,26,CLE,8,222,14.5,0.511,0.234,0.234,1.9,10,5.7,11.8,2.2,0.4,3.7,20.4,,0.3,0,0.3,0.072,,0.4,-3.3,-2.9,-0.1
190,Al Horford\horfoal01,C,32,BOS,8,236,15.2,0.526,0.483,0.161,6.2,16.1,11.1,22.2,1,3.9,14.7,19.8,,0.1,0.6,0.7,0.144,,0.4,4.4,4.8,0.4
191,Kevin Huerter\huertke01,SG,20,ATL,8,112,13.8,0.606,0.633,0.167,5.4,21.1,13.1,12.7,1.2,1.4,13.4,13.5,,0.1,0.1,0.2,0.101,,-1.6,-0.2,-1.8,0
192,Chandler Hutchison\hutchch01,SF,22,CHI,7,132,5.9,0.442,0.28,0.4,4.2,17,10.7,3,1.1,1.3,12,11,,-0.1,0,-0.1,-0.03,,-4.8,-0.9,-5.7,-0.1
193,Serge Ibaka\ibakase01,C,29,TOR,8,225,18.8,0.577,0.184,0.272,10.7,17.2,14.2,5.2,1,4.3,13.5,24.8,,0.3,0.3,0.6,0.127,,-0.6,0.8,0.2,0.1
194,Andre Iguodala\iguodan01,SF,35,GSW,8,151,8.4,0.484,0.409,0.182,2.4,10.8,7,13.8,1.9,3.7,22.8,8.6,,0,0.2,0.2,0.065,,-1.6,2.1,0.5,0.1
195,Ersan Ilyasova\ilyaser01,PF,31,MIL,8,187,15.4,0.62,0.426,0.241,7.6,18.5,13.7,7.8,1.5,1.3,9.1,14.4,,0.4,0.4,0.8,0.209,,2,2.7,4.7,0.3
196,Joe Ingles\inglejo01,SF,31,UTA,7,234,13.4,0.594,0.58,0.111,1,16,8.7,19.2,2.4,0.3,19.1,19,,0.1,0.3,0.4,0.087,,0.9,1.9,2.8,0.3
197,Brandon Ingram\ingrabr01,SG,21,LAL,4,113,13.8,0.539,0.193,0.281,5.6,9.3,7.5,4.8,1.6,3.4,14.7,26.9,,-0.1,0.1,0,-0.004,,-3.5,-2.6,-6.1,-0.1
198,Kyrie Irving\irvinky01,PG,26,BOS,8,255,17,0.537,0.39,0.187,2.3,12.1,7.2,30.7,1.3,1.6,12.5,25.6,,0.2,0.6,0.8,0.141,,2.1,1.8,3.9,0.4
199,Jonathan Isaac\isaacjo01,SF,21,ORL,7,164,12.2,0.511,0.367,0.224,5.6,20.8,12.7,3.7,1.8,4.1,10,15.3,,0,0.2,0.2,0.061,,-3.3,2.1,-1.2,0
200,Wesley Iwundu\iwundwe01,SF,24,ORL,3,45,8.3,0.396,0.2,0.45,10.3,14.2,12.1,0,1.1,0,4,23.3,,-0.1,0,0,-0.037,,-7,-6.3,-13.3,-0.1
201,Frank Jackson\jacksfr01,PG,20,NOP,6,87,7.2,0.473,0.438,0.281,0,5,2.4,7.1,1,0,2.7,17,,0,0,0,0.005,,-1.5,-4,-5.6,-0.1
202,Jaren Jackson\jacksja02,C,19,MEM,6,136,16.7,0.546,0.241,0.389,6.5,19.2,12.8,10.4,2.5,4.1,10,23.1,,0.1,0.3,0.4,0.148,,-1.6,2.9,1.3,0.1
203,Josh Jackson\jacksjo02,SG,21,PHO,7,161,-0.4,0.409,0.35,0.183,0,8.8,4.2,14.3,1.5,2.5,27,23.9,,-0.8,0,-0.8,-0.228,,-10,-1.7,-11.7,-0.4
204,Justin Jackson\jacksju01,SF,23,SAC,9,238,8.1,0.45,0.484,0.172,1.7,12,6.9,8.8,1.1,0.7,4.2,12.4,,0,0.2,0.2,0.045,,-1.3,-0.8,-2.1,0
205,Reggie Jackson\jacksre01,PG,28,DET,7,213,12.7,0.504,0.49,0.327,2.4,7.3,4.7,18.1,0.5,0.4,8.2,24,,0.2,0.1,0.4,0.081,,1.1,-3,-1.8,0
206,LeBron James\jamesle01,PF,34,LAL,8,291,27,0.597,0.277,0.384,2.9,21.9,12.5,31.6,2.7,1.1,12.3,29.5,,0.9,0.3,1.2,0.199,,5.5,0.5,6,0.6
207,Jonas Jerebko\jerebjo01,PF,31,GSW,9,148,16.9,0.683,0.561,0.366,5.7,22.1,14.6,11.4,1.9,0.6,11.2,15.3,,0.4,0.2,0.6,0.203,,3.7,-0.4,3.3,0.2
208,Alize Johnson\johnsal02,PF,22,IND,3,9,0.5,0.347,0,1,0,50.6,25.9,0,0,0,0,14.2,,0,0,0,-0.024,,-13.1,-5.4,-18.6,0
209,Amir Johnson\johnsam01,C,31,PHI,9,105,16.9,0.703,0.071,0.5,7.7,25.5,16.6,17.3,0.9,2.2,24.4,17.6,,0.2,0.2,0.3,0.149,,-1,1.6,0.6,0.1
210,Stanley Johnson\johnsst04,SF,22,DET,6,169,6.5,0.488,0.596,0.106,3.6,15.7,9.4,9.2,1.1,0.5,20.9,15.4,,-0.2,0.2,0,0,,-2.9,0.3,-2.6,0
211,Tyler Johnson\johnsty01,PG,26,MIA,7,168,10.8,0.482,0.463,0.259,1.8,7.4,4.6,12.8,2.5,1.5,9.1,15.9,,0,0.2,0.2,0.066,,-0.8,1.7,1,0.1
212,Wesley Johnson\johnswe01,SF,31,NOP,2,25,8.5,0.654,0.667,0.333,0,8.8,4.2,0,3.6,3.3,22.5,14.2,,0,0,0,0.017,,-1.5,0.1,-1.4,0
213,Nikola Jokic\jokicni01,C,23,DEN,8,237,29.7,0.655,0.263,0.444,7.8,28.5,18.2,34.9,2.1,3.7,15.1,24.7,,1,0.5,1.6,0.318,,6.4,5.6,12,0.8
214,Damian Jones\jonesda03,C,23,GSW,9,146,18.1,0.735,0,0.419,9.9,7,8.3,9.3,1.9,7,12,12,,0.4,0.2,0.6,0.205,,3.3,3.1,6.3,0.3
215,Derrick Jones\jonesde02,SF,21,MIA,4,76,11.1,0.489,0.281,0.344,8.1,6.8,7.5,8,1.2,2.1,9.8,21.7,,0,0.1,0.1,0.054,,-1.2,-0.1,-1.3,0
216,Tyus Jones\jonesty01,PG,22,MIN,7,126,10.7,0.439,0.404,0.043,0.8,5.8,3.3,18.4,3,0.6,5.9,16.5,,0,0,0,0.015,,-1.3,-2.2,-3.5,0
217,DeAndre Jordan\jordade01,C,30,DAL,8,271,20.8,0.724,0,0.557,11.5,39.9,24.9,11.2,0.9,4,21.7,14.8,,0.7,0.3,1,0.177,,-0.5,3,2.5,0.3
218,Cory Joseph\josepco01,PG,27,IND,8,197,13.9,0.603,0.313,0.083,0.6,14.5,7.7,18.9,2,1.3,15.3,13.3,,0.3,0.3,0.5,0.132,,0.4,1.9,2.2,0.2
219,Frank Kaminsky\kaminfr01,PF,25,CHO,3,17,-3.4,0.286,0.429,0,0,19,9.4,15.7,0,0,22.2,22.5,,-0.1,0,-0.1,-0.253,,-10.8,-2.8,-13.7,-0.1
220,Enes Kanter\kanteen01,C,26,NYK,8,212,20.3,0.562,0.032,0.181,14,32,22.5,14.3,1.1,0.8,15.8,24,,0.3,0.3,0.5,0.122,,0.8,1,1.8,0.2
221,Luke Kennard\kennalu01,SG,22,DET,3,43,16.5,0.708,0.167,0,0,12.9,6.2,11.1,1.1,2,7.7,12.7,,0.1,0,0.1,0.167,,0.3,0.3,0.6,0
222,Michael Kidd-Gilchrist\kiddgmi01,PF,25,CHO,9,198,17,0.555,0.091,0.364,10.6,19,14.7,10.1,0.7,5.3,9.5,18.2,,0.4,0.2,0.6,0.149,,0.2,1.8,2,0.2
223,Maxi Kleber\klebima01,PF,27,DAL,8,156,16,0.63,0.619,0.262,6.9,19.2,12.7,2.7,0.9,6.9,11.4,14,,0.2,0.2,0.4,0.118,,-0.9,1.2,0.2,0.1
224,Kevin Knox\knoxke01,PF,19,NYK,3,56,8,0.422,0.29,0.161,5.5,6.2,5.8,0,1.7,1.6,5.7,26.5,,-0.1,0,-0.1,-0.067,,-5.1,-5,-10.1,-0.1
225,Furkan Korkmaz\korkmfu01,SG,21,PHI,5,26,3.7,0.4,0.6,0,0,19.1,9.6,0,1.8,0,0,7.8,,0,0,0,0.032,,-6.8,-1.7,-8.5,0
226,Luke Kornet\kornelu01,PF,23,NYK,3,11,-2.5,0,1,0,0,0,0,22.1,0,0,50,7.7,,0,0,0,-0.151,,-10.2,-6.2,-16.5,0
227,Kyle Korver\korveky01,PF,37,CLE,7,109,7.1,0.607,0.64,0.2,0,11.4,5.2,11.5,0.9,0,22.7,13.6,,0,0,0,-0.011,,-1.6,-4,-5.5,-0.1
228,Kosta Koufos\koufoko01,C,29,SAC,3,36,22.8,0.643,0,0,5.7,31.1,18.5,3.9,2.5,4.7,0,15.9,,0.1,0.1,0.2,0.231,,0.1,1.4,1.4,0
229,Rodions Kurucs\kurucro01,SF,20,BRK,3,43,15.3,0.626,0.526,0.211,10.3,19,14.8,3.8,0,0,19.4,25.8,,0,0,0,0.042,,-1.4,-4.7,-6.1,0
230,Kyle Kuzma\kuzmaky01,SF,23,LAL,8,257,15.9,0.555,0.364,0.171,2.5,13.8,8.2,7.4,0.4,1.8,4.8,23,,0.4,0.1,0.4,0.08,,0.2,-3.6,-3.4,-0.1
231,Skal Labissiere\labissk01,PF,22,SAC,4,21,12.4,0.619,0.5,0.25,4.9,29,17.1,6.2,0,0,18.4,21.2,,0,0,0,0.081,,-1.7,-4,-5.7,0
232,Jeremy Lamb\lambje01,SG,26,CHO,9,222,14.7,0.513,0.389,0.189,2.8,15.5,9.1,8.9,2.2,2,3,19.3,,0.2,0.3,0.5,0.112,,0.4,0.1,0.5,0.1
233,Zach LaVine\lavinza01,SG,23,CHI,8,269,22.5,0.627,0.327,0.392,0.8,15.1,8.1,19.9,1.1,1.6,14.7,34.1,,0.5,0,0.5,0.086,,3.9,-2.9,1,0.2
234,Jake Layman\laymaja01,SF,24,POR,8,102,13.9,0.693,0.5,0.071,3.3,9,6.5,4.1,0.9,2.3,12.2,13.7,,0.2,0.1,0.3,0.133,,1.8,0.1,1.9,0.1
235,T.J. Leaf\leaftj01,PF,21,IND,4,23,-10.2,0,0.25,0,10.4,9.9,10.1,9.6,0,3.8,20,19.3,,-0.2,0,-0.2,-0.369,,-14.8,0.7,-14.1,-0.1
236,Damion Lee\leeda03,SG,26,GSW,1,2,-45.7,0,0.5,0,0,0,0,0,0,0,0,42.1,,0,0,0,-0.989,,-33,-13.8,-46.8,0
237,Alex Len\lenal01,C,25,ATL,8,188,14.9,0.594,0.213,0.361,7.4,18,12.7,10.7,0.7,4.3,15.5,18.1,,0.2,0.2,0.3,0.085,,-2.9,0.9,-2,0
238,Kawhi Leonard\leonaka01,SF,27,TOR,6,208,26.9,0.61,0.227,0.294,3.2,19.1,11.6,14.5,2.7,1.2,6.3,28.9,,0.7,0.4,1.1,0.254,,4.5,1.1,5.6,0.4
239,Meyers Leonard\leoname01,C,26,POR,5,42,8.4,0.601,0.571,0.429,5.4,19.7,13.3,12,2.3,0,32.5,12.4,,0,0.1,0.1,0.08,,-1.1,2.1,1,0
240,Jon Leuer\leuerjo01,PF,29,DET,1,6,23.7,0.694,0.5,1,0,18.5,8.8,0,0,0,0,20.1,,0,0,0,0.294,,1.8,-6.9,-5.1,0
241,Caris LeVert\leverca01,SF,24,BRK,8,256,17.3,0.561,0.3,0.275,2.6,12.4,7.7,25,1.5,0.6,13.5,26.1,,0.3,0.1,0.5,0.09,,0.9,-0.7,0.2,0.1
242,Damian Lillard\lillada01,PG,28,POR,8,271,29.9,0.66,0.408,0.456,2.9,11.5,7.7,29.7,0.9,0.6,10.2,30.7,,1.5,0.3,1.8,0.317,,10.2,-1.3,8.9,0.7
243,Jeremy Lin\linje01,PG,30,ATL,8,126,9.8,0.531,0.412,0.412,0,13,6.4,20.6,1.1,0.6,19.9,24.3,,-0.1,0.1,-0.1,-0.025,,-5.1,-2.8,-7.9,-0.2
244,Shaun Livingston\livinsh01,PG,33,GSW,4,57,16.8,0.619,0,0.25,14.7,12.6,13.6,8.6,2.5,0,14.5,15.3,,0.1,0.1,0.2,0.173,,1.9,-0.6,1.3,0
245,Zach Lofton\loftoza01,SG,26,DET,1,4,-9.8,0,1,0,0,0,0,0,12,0,50,20.9,,0,0,0,-0.429,,-15.4,8.2,-7.2,0
246,Kevon Looney\looneke01,C,22,GSW,9,151,18.2,0.683,0,0.343,15.9,14.2,15,11.3,0.9,3.1,14.8,13.2,,0.5,0.1,0.7,0.207,,3.5,0.6,4.1,0.2
247,Brook Lopez\lopezbr01,C,30,MIL,8,203,12.8,0.615,0.691,0.147,1.6,9,5.7,5.9,0.5,4.8,11.1,16.5,,0.2,0.4,0.6,0.145,,1,2.4,3.4,0.3
248,Robin Lopez\lopezro01,C,30,CHI,3,53,2.2,0.442,0,0.083,2.1,6,4.1,17.9,0.9,3.3,32.5,15.2,,-0.1,0,-0.1,-0.12,,-7.7,-1,-8.7,-0.1
249,Kevin Love\loveke01,PF,30,CLE,4,136,15.6,0.478,0.369,0.508,7.8,40.1,22.7,15.2,0.4,0.6,11.2,27.7,,0.1,0,0.1,0.034,,-1.5,-3.2,-4.7,-0.1
250,Kyle Lowry\lowryky01,PG,32,TOR,8,279,23.2,0.65,0.515,0.287,1.2,9.7,5.7,43.5,1.9,1.5,16.8,20.6,,1.1,0.3,1.4,0.241,,6.1,-0.6,5.6,0.5
251,Jordan Loyd\loydjo01,PG,25,TOR,1,2,19.3,,,,54.9,0,25.7,0,0,0,,0,,0,0,0,0.279,,6.9,-3.5,3.4,0
252,Timothe Luwawu-Cabarrot\luwawti01,SF,23,OKC,2,3,-26,0,0.5,0,0,35.3,16.8,0,0,0,0,26.3,,0,0,0,-0.548,,-25.1,-8.4,-33.5,0
253,Tyler Lydon\lydonty01,PF,22,DEN,3,8,16,0.798,0,2,13.6,0,6.7,0,0,0,0,9.9,,0,0,0,0.223,,1.8,-3.5,-1.7,0
254,Trey Lyles\lylestr01,PF,23,DEN,8,167,10.5,0.446,0.308,0.308,5.2,21.8,13.6,13.1,2.3,1.6,16.9,26.8,,-0.4,0.3,0,-0.01,,-6,1.8,-4.2,-0.1
255,Shelvin Mack\macksh01,PG,28,MEM,6,148,13.3,0.567,0.22,0.317,0.7,8.4,4.5,26.4,1.7,0,11.4,16,,0.2,0.2,0.4,0.131,,-1.3,-1,-2.2,0
256,Daryl Macon\maconda01,SG,23,DAL,1,1,0,,,,0,0,0,0,0,0,,0,,0,0,0,-0.011,,-6.5,-0.3,-6.8,0
257,Ian Mahinmi\mahinia01,C,32,WAS,6,101,10.2,0.544,0.125,1.25,9.1,16.5,12.8,4.1,1.8,2.4,13.9,11.9,,0.1,0.1,0.2,0.072,,-2.7,1,-1.7,0
258,Thon Maker\makerth01,C,21,MIL,3,41,16.9,0.69,0.583,0.333,2.7,27.5,16.6,6.6,0,5.9,12.7,15.8,,0.1,0.1,0.2,0.208,,0.2,3.4,3.6,0.1
259,Boban Marjanovic\marjabo01,C,30,LAC,8,89,31.9,0.766,0.029,0.824,11.5,32.8,22.9,6,1.6,6.7,17.8,26.5,,0.4,0.2,0.6,0.319,,3.4,1.7,5.2,0.2
260,Jarell Martin\martija01,PF,24,ORL,2,19,9.6,0.4,0.4,0,0,22.5,10.4,18.1,0,0,0,22.1,,0,0,0,-0.04,,-3.5,-2.7,-6.3,0
261,Frank Mason\masonfr01,PG,24,SAC,8,126,15.9,0.496,0.358,0.321,0,10.5,5.3,31,2.1,0,9,21.6,,0.2,0.1,0.3,0.111,,0.8,-2.9,-2.1,0
262,Wesley Matthews\matthwe02,SG,32,DAL,8,274,13,0.555,0.566,0.23,2.3,6.6,4.3,10.6,1,0,8.2,22.1,,0.3,0.1,0.4,0.065,,1,-3.8,-2.8,-0.1
263,Luc Mbah a Moute\mbahalu01,PF,32,LAC,4,61,7,0.495,0.333,0.278,3.7,8,6,4.6,0.8,1.2,9,15.2,,0,0.1,0,0.028,,-1.6,-1.5,-3.1,0
264,CJ McCollum\mccolcj01,SG,27,POR,8,254,13.5,0.514,0.368,0.256,3.6,8.7,6.4,10.6,0.6,0.9,8.5,25.4,,0.2,0.2,0.4,0.071,,-0.3,-2,-2.3,0
265,T.J. McConnell\mccontj01,PG,26,PHI,8,118,11.1,0.574,0.074,0.074,0.9,10.1,5.5,27.3,1.2,1.3,22.3,12.4,,0.1,0.1,0.2,0.084,,-3.4,-0.9,-4.3,-0.1
266,Doug McDermott\mcderdo01,SF,27,IND,8,140,13.5,0.711,0.676,0.189,0,6.5,3.3,7.5,0.7,0,2.4,13,,0.4,0.1,0.5,0.177,,3.8,-2,1.8,0.1
267,JaVale McGee\mcgeeja01,C,31,LAL,8,217,24.3,0.644,0.023,0.241,11.7,17.3,14.6,6.4,1.7,9.2,12.7,20.6,,0.5,0.3,0.8,0.176,,1.1,3,4.1,0.3
268,Rodney McGruder\mcgruro01,SG,27,MIA,7,239,15.5,0.641,0.479,0.225,3,15.1,9.1,15.9,1.2,1,11.4,14.9,,0.6,0.2,0.8,0.16,,3,1.7,4.7,0.4
269,Alfonzo McKinnie\mckinal01,SF,26,GSW,9,106,17.1,0.623,0.385,0.205,13.6,22.2,18.2,2.4,0.9,1.7,8.6,18.5,,0.2,0.1,0.3,0.158,,1.5,-3.6,-2.2,0
270,Ben McLemore\mclembe01,SG,25,SAC,5,24,5.1,0.505,0.818,0.182,0,0,0,5.2,0,0,7.8,22,,0,0,0,-0.035,,-1.1,-8.2,-9.2,0
271,Jordan McRae\mcraejo01,SG,27,WAS,3,21,-0.2,0.143,0.286,0,0,19.9,9.8,12.6,0,3.8,0,13.9,,-0.1,0,-0.1,-0.2,,-10.9,0.3,-10.6,0
272,De'Anthony Melton\meltode01,PG,20,PHO,2,22,-0.3,0.292,0.5,0,0,10.8,5.2,7,6.5,3.7,14.3,27.6,,-0.2,0,-0.1,-0.26,,-10.8,1.5,-9.3,0
273,Chimezie Metu\metuch01,PF,21,SAS,3,16,14.3,0.372,0.111,0.444,0,28.6,13.7,8.5,3,5.1,0,29,,0,0,0,0.009,,-9.2,0.8,-8.4,0
274,Khris Middleton\middlkh01,SF,27,MIL,8,249,20.2,0.654,0.56,0.294,1.3,13.9,8.4,18.3,2.2,0.7,14,23.6,,0.6,0.5,1.2,0.228,,4.9,1.8,6.7,0.5
275,C.J. Miles\milescj01,SF,31,TOR,8,112,5.6,0.432,0.634,0.293,2,9.5,6,5.6,0.8,2.9,9.8,19.2,,-0.1,0.1,0,-0.014,,-3.7,-0.4,-4.1,-0.1
276,Darius Miller\milleda01,SF,28,NOP,4,60,4.6,0.519,0.786,0.071,0,3.7,1.8,11.7,0.8,0,17.2,11.6,,0,0,0,-0.018,,-1.3,-3.6,-4.9,0
277,Patty Mills\millspa02,PG,30,SAS,7,187,6.8,0.551,0.5,0.239,1.1,9.8,5.3,6.3,0.8,0.4,16.4,14,,0,0.1,0.1,0.017,,-2.8,-1.2,-3.9,-0.1
278,Paul Millsap\millspa01,PF,33,DEN,8,220,17.9,0.557,0.195,0.481,9.4,20.9,15.2,6.5,1.8,4.4,12.2,20.3,,0.3,0.5,0.7,0.161,,-1.8,3.1,1.3,0.2
279,Nikola Mirotic\mirotni01,PF,27,NOP,8,248,24,0.598,0.419,0.243,10,25.7,17.6,7.3,1.3,1.7,5.6,25.7,,0.8,0.1,0.9,0.172,,4.9,-2.3,2.6,0.3
280,Donovan Mitchell\mitchdo01,SG,22,UTA,7,246,15.9,0.54,0.36,0.194,1.4,6.3,3.9,21.8,1.7,0.6,11.7,29.4,,0.1,0.2,0.4,0.076,,0.5,-1.4,-1,0.1
281,Malik Monk\monkma01,SG,20,CHO,9,214,13.3,0.545,0.578,0.137,1,7,4,12.4,1.1,1.6,9.2,23.7,,0.1,0.1,0.3,0.064,,1.5,-3,-1.5,0
282,Greg Monroe\monrogr01,C,28,TOR,2,9,10,0.2,0,0,36.6,32.3,34.3,13.7,0,0,0,23.3,,0,0,0,-0.01,,-4.8,-1.2,-6,0
283,E'Twaun Moore\mooreet01,SF,29,NOP,8,255,14,0.634,0.333,0.178,3.6,3.9,3.7,6.3,1.3,1.3,8.5,16.6,,0.5,0,0.5,0.091,,2.9,-1.8,1.1,0.2
284,Marcus Morris\morrima03,PF,29,BOS,8,202,17,0.661,0.488,0.263,2.9,25.2,13.9,6.7,0.9,0.8,13.6,21.9,,0.3,0.5,0.8,0.19,,1,1.1,2.1,0.2
285,Markieff Morris\morrima02,PF,29,WAS,6,154,15.7,0.647,0.509,0.245,2,20.3,11,9.3,0.9,3.6,13.3,18.3,,0.2,0.1,0.3,0.089,,0.5,0.3,0.8,0.1
286,Monte Morris\morrimo01,PG,23,DEN,8,179,13.5,0.462,0.246,0.185,3,8.4,5.7,22.2,2.7,0,6.6,17.7,,0.2,0.3,0.5,0.121,,-1.6,0.7,-0.8,0.1
287,Emmanuel Mudiay\mudiaem01,PG,22,NYK,1,2,0,,,,0,0,0,0,0,0,,0,,0,0,0,-0.003,,-5.2,0.8,-4.4,0
288,Jamal Murray\murraja01,PG,21,DEN,8,253,14.8,0.521,0.349,0.236,2.1,12.7,7.5,15,1.9,1.4,9.3,21.4,,0.2,0.4,0.6,0.122,,-1,1.2,0.2,0.1
289,Dzanan Musa\musadz01,SG,19,BRK,3,15,14.2,0.436,0.333,0.333,7.4,6.8,7.1,10.8,6.5,0,12.7,22.6,,0,0,0,-0.027,,-2.9,2.1,-0.8,0
290,Mike Muscala\muscami01,PF,27,PHI,6,111,14,0.704,0.714,0.321,5.4,16.1,10.8,8.8,0,2.8,13.5,13.6,,0.3,0.1,0.4,0.162,,1.3,-0.3,1,0.1
291,Svi Mykhailiuk\mykhasv01,SF,21,LAL,4,53,2.7,0.311,0.417,0.167,4,3.9,4,12.3,1.7,0,18.9,12.1,,-0.1,0,-0.1,-0.084,,-5.3,-2.3,-7.6,-0.1
292,Abdel Nader\naderab01,SF,25,OKC,2,4,-0.7,0,0,0,0,0,0,0,11.5,0,0,9.9,,0,0,0,-0.073,,-9.9,9,-0.9,0
293,Larry Nance\nancela02,C,26,CLE,6,123,22.7,0.538,0.022,0.356,10.3,20.1,14.9,26.2,3.6,0.7,5.5,18.8,,0.4,0.1,0.5,0.184,,4.1,0.6,4.7,0.2
294,Shabazz Napier\napiesh01,PG,27,BRK,5,69,15.4,0.542,0.545,0.394,0,4.4,2.3,18,2.8,0,11.4,27.2,,0.1,0,0.1,0.063,,0,-3.4,-3.4,0
295,Georges Niang\niangge01,PF,25,UTA,7,55,24.1,0.833,0.7,0.25,2.1,18,10.3,8.9,1.7,1.4,11.9,19.4,,0.2,0.1,0.3,0.267,,6.7,0.1,6.8,0.1
296,Nerlens Noel\noelne01,C,24,OKC,7,99,28.2,0.69,0,0.273,17.4,23.6,20.3,5,3.7,4.9,2.6,15.1,,0.4,0.2,0.7,0.324,,3.4,4.4,7.8,0.2
297,Frank Ntilikina\ntilila01,PG,20,NYK,8,240,8.6,0.492,0.456,0.103,0.4,8.1,4.1,16.9,1.8,0.7,14.4,14.6,,0,0.2,0.2,0.03,,-1.1,-0.2,-1.3,0
298,James Nunnally\nunnaja01,SF,28,MIN,2,25,17.4,0.751,0.667,0.5,0,12.6,6.3,16.2,0,0,0,12,,0.1,0,0.1,0.205,,4.3,-4.5,-0.2,0
299,Jusuf Nurkic\nurkiju01,C,24,POR,8,196,23.2,0.593,0.114,0.341,15.6,23,19.7,9,1.7,2.3,15.1,25.8,,0.4,0.4,0.8,0.191,,1.6,1.1,2.7,0.2
300,David Nwaba\nwabada01,SG,26,CLE,5,38,12.8,0.604,0.222,0.444,0,19.6,9,7.3,0,4.6,8.5,13,,0.1,0,0.1,0.081,,-2.6,-1.7,-4.3,0
301,Royce O'Neale\onealro01,SF,25,UTA,7,96,7.8,0.563,0.292,0.083,2.4,19.5,11.2,7.3,1.5,0,19.4,13.6,,0,0.1,0.1,0.045,,-3.5,1.4,-2.1,0
302,Kyle O'Quinn\oquinky01,C,28,IND,6,43,29.8,0.618,0.05,0.3,16.7,29.1,23.1,25,1.2,8.2,15,27.5,,0.2,0.1,0.3,0.295,,4.2,6,10.3,0.1
303,Semi Ojeleye\ojelese01,PF,24,BOS,6,47,7.2,0.472,0.583,0.333,4.1,12.7,8.4,0,2,0,0,12.5,,0,0.1,0.1,0.108,,-3.8,-0.4,-4.2,0
304,Jahlil Okafor\okafoja01,C,23,NOP,5,55,12.1,0.524,0,0.231,18.7,14,16.4,2.5,0,0,17.3,25.1,,0,0,0,-0.004,,-3.2,-5.9,-9.1,-0.1
305,Elie Okobo\okoboel01,PG,21,PHO,5,88,12.1,0.599,0.483,0.345,2.5,9.4,5.8,26.6,0.5,0,17.3,19.9,,0.1,0,0.1,0.055,,0.4,-4.6,-4.2,0
306,Josh Okogie\okogijo01,SG,20,MIN,6,176,10,0.458,0.4,0.167,5.9,13.1,9.5,6.2,2.7,1.8,12.3,17,,-0.1,0.1,0,-0.006,,-2.1,0,-2.2,0
307,Victor Oladipo\oladivi01,SG,26,IND,8,262,20.7,0.551,0.315,0.212,1.8,18.7,10.5,20.9,2.3,1,10.6,30.3,,0.3,0.4,0.7,0.127,,2.2,0.8,3,0.3
308,Kelly Olynyk\olynyke01,PF,27,MIA,7,143,18,0.636,0.587,0.37,5,10.1,7.6,17.8,1.7,1.7,11.6,17.1,,0.4,0.1,0.6,0.185,,4.3,1.2,5.5,0.3
309,Cedi Osman\osmande01,SF,23,CLE,8,257,8.8,0.491,0.394,0.182,4.1,14.5,8.9,14.2,1.3,0.7,20.2,21.9,,-0.3,0,-0.3,-0.063,,-2.4,-2.8,-5.1,-0.2
310,Kelly Oubre\oubreke01,SF,23,WAS,7,192,14.6,0.606,0.486,0.338,3.7,16.3,9.9,3.3,1,1.7,12.4,21.1,,0.2,0,0.2,0.058,,-0.4,-2.3,-2.7,0
311,Zaza Pachulia\pachuza01,C,34,DET,7,107,16.4,0.487,0,0.87,13.2,18.7,15.8,17.7,2.7,2.4,11.2,14,,0.2,0.2,0.4,0.172,,0.3,3.9,4.2,0.2
312,Jabari Parker\parkeja01,PF,23,CHI,8,225,14.4,0.512,0.286,0.2,5.4,18.9,12.3,12.1,1.1,1.6,10.9,24.9,,-0.1,0,0,-0.004,,-1.7,-1.8,-3.5,-0.1
313,Tony Parker\parketo01,PG,36,CHO,8,145,18.1,0.527,0.101,0.319,0.7,7.4,4,43.2,0.3,0,11.3,26,,0.3,0,0.4,0.119,,1.2,-5.2,-4,-0.1
314,Chandler Parsons\parsoch01,SF,30,MEM,3,46,6.9,0.5,0.588,0,2.4,7.4,4.9,7.3,1.1,2,10.5,18.5,,-0.1,0.1,0,0.018,,-3.4,-0.8,-4.2,0
315,Patrick Patterson\pattepa01,PF,29,OKC,7,126,11.9,0.551,0.6,0.2,5.3,15.1,10,0,1.1,1.9,6.4,14.6,,0.1,0.2,0.3,0.105,,-2.9,-2.2,-5.2,-0.1
316,Chris Paul\paulch01,PG,33,HOU,4,133,19.9,0.531,0.377,0.393,2.8,17.5,9.2,40.1,2.5,0,13.3,25.8,,0.2,0.1,0.3,0.11,,2.6,-0.7,1.9,0.1
317,Cameron Payne\payneca01,PG,24,CHI,8,184,13.6,0.576,0.415,0.185,3.6,6.4,5,21.7,1.3,1,16.6,20,,0.2,0,0.1,0.036,,0.7,-3,-2.4,0
318,Elfrid Payton\paytoel01,PG,24,NOP,5,144,15.4,0.549,0.146,0.229,5,17.5,11.1,28.9,1.3,0.6,17.2,17.7,,0.2,0,0.2,0.078,,1.1,-0.4,0.7,0.1
319,Theo Pinson\pinsoth01,SG,23,BRK,2,10,7.6,0.258,0.667,0.667,0,10.2,5.3,36.7,0,0,0,16.7,,0,0,0,-0.02,,-4.6,-4.5,-9.1,0
320,Mason Plumlee\plumlma01,C,28,DEN,8,139,20.2,0.634,0.023,0.395,12.5,16.2,14.4,13.2,3.5,3.8,20.5,19.2,,0.2,0.3,0.5,0.17,,0.2,5.2,5.5,0.3
321,Miles Plumlee\plumlmi01,C,30,ATL,5,44,25,0.783,0,0.75,13.6,16.3,15,23,2,0,20,18.4,,0.2,0,0.2,0.228,,3.2,-0.3,2.9,0.1
322,Jakob Poeltl\poeltja01,C,23,SAS,4,42,16.5,0.571,0,0,25,13.6,19.6,15.5,1.2,0,22.2,9.2,,0.1,0,0.1,0.17,,2.6,0.9,3.6,0.1
323,Quincy Pondexter\pondequ01,SF,30,SAS,4,33,18.8,0.563,0.25,0.25,9.5,20.8,14.9,4.1,7.4,0,10.1,12.9,,0,0.1,0.1,0.188,,0,4.2,4.3,0.1
324,Otto Porter\porteot01,SF,25,WAS,7,216,11.6,0.497,0.414,0.143,2.8,15,8.8,5.6,2.3,1.8,5.1,15.1,,0,0.1,0.1,0.031,,-1.8,0.7,-1.1,0
325,Bobby Portis\portibo01,PF,23,CHI,4,113,12.1,0.467,0.268,0.22,5.9,32.1,19.2,10.4,0.9,3.1,10,19.3,,-0.1,0.1,0,0.009,,-4,0.2,-3.8,-0.1
326,Dwight Powell\poweldw01,C,27,DAL,8,118,26.1,0.758,0.184,0.684,10,21.4,15.4,12.5,2.8,2.1,15.4,20.5,,0.5,0.1,0.6,0.258,,4.3,0.9,5.3,0.2
327,Norman Powell\powelno01,SG,25,TOR,8,135,10.8,0.634,0.471,0.206,0.8,11.5,6.5,7.5,1.4,0.6,13.9,13.4,,0.1,0.1,0.3,0.102,,-0.2,0.5,0.2,0.1
328,Alex Poythress\poythal01,PF,25,ATL,5,89,11.4,0.561,0.238,0.619,10.1,16.2,13.1,9.7,1,0.9,13,14,,0.1,0.1,0.2,0.084,,-2.7,-0.7,-3.4,0
329,Zhou Qi\qizh01,PF,23,HOU,1,1,78.8,1,0,0,0,0,0,0,0,0,0,41.5,,0,0,0,1.198,,23.4,-11.8,11.7,0
330,Ivan Rabb\rabbiv01,PF,21,MEM,2,23,13.5,0.633,0.2,0.6,9.6,29.6,19.5,21.1,2.1,4.1,38.8,20.1,,0,0.1,0,0.066,,-5.3,5.1,-0.1,0
331,Julius Randle\randlju01,C,24,NOP,8,187,23.1,0.621,0.146,0.51,7.2,28.2,17.3,13.8,1.5,1.8,14.5,29.4,,0.4,0.1,0.6,0.143,,2.1,-0.7,1.4,0.2
332,J.J. Redick\redicjj01,SG,34,PHI,9,278,14.8,0.558,0.61,0.213,1.4,9.3,5.4,16.6,0.7,0.3,7.5,23.6,,0.4,0.2,0.6,0.109,,2.5,-3,-0.5,0.1
333,Josh Richardson\richajo01,SG,25,MIA,7,239,14.3,0.529,0.457,0.207,3,10.3,6.7,12.5,1.4,2.4,10.6,24,,0.2,0.2,0.4,0.085,,1,0.7,1.7,0.2
334,Malachi Richardson\richama01,SG,23,TOR,5,29,-1.2,0.354,1,0.222,3.8,10,7.1,0,0,0,9.2,15.7,,-0.1,0,0,-0.079,,-5.3,-4.7,-10,-0.1
335,Austin Rivers\riverau01,SG,26,WAS,7,164,6.4,0.509,0.583,0.146,1.2,6.4,3.8,12.5,0.8,1.9,17.7,15.8,,-0.1,0,-0.2,-0.048,,-2.9,-1.5,-4.5,-0.1
336,Duncan Robinson\robindu01,PF,24,MIA,1,10,14.5,0.5,1,0,0,41.2,20.6,0,4.7,0,0,12.1,,0,0,0,0.139,,-3.7,-0.6,-4.3,0
337,Glenn Robinson\robingl02,SF,25,DET,6,77,9.1,0.542,0.263,0.263,2.6,10.1,6.2,0,1.2,1.1,8.6,12.6,,0,0.1,0.1,0.065,,-3.8,-1.8,-5.7,-0.1
338,Jerome Robinson\robinje01,SG,21,LAC,4,16,10.8,0.563,0.25,0,0,6.1,3.3,0,0,0,0,20.9,,0,0,0,0.068,,-1.2,-6.6,-7.8,0
339,Mitchell Robinson\robinmi01,C,20,NYK,6,85,15.7,0.606,0,0.333,13.3,9.5,11.5,1.7,1.7,4.2,8.8,11.2,,0.2,0.1,0.2,0.141,,0.4,1.6,2,0.1
340,Rajon Rondo\rondora01,PG,32,LAL,5,139,16,0.61,0.289,0.044,3.1,12.8,8,33.2,1.6,0,22.1,17.2,,0.2,0.1,0.3,0.103,,0.9,-2.5,-1.6,0
341,Derrick Rose\rosede01,PG,30,MIN,8,240,18.6,0.522,0.205,0.299,4.8,9.2,7,26.5,1.4,0.7,9.5,27,,0.4,0,0.4,0.075,,2.1,-2.9,-0.8,0.1
342,Terrence Ross\rosste01,SG,27,ORL,7,167,11.9,0.48,0.5,0.095,1.7,8.9,5,14,2.6,2,8.4,24,,-0.2,0.2,0,0.006,,-0.5,-0.3,-0.9,0
343,Terry Rozier\roziete01,PG,24,BOS,8,186,11.3,0.473,0.387,0.129,1,17.7,9.3,14.6,1.8,1.8,5.8,16,,0,0.5,0.5,0.125,,-2.4,3.8,1.3,0.2
344,Ricky Rubio\rubiori01,PG,28,UTA,7,206,8.9,0.454,0.41,0.311,1.1,9.1,5.2,32.9,1.8,0.8,24.1,18.8,,-0.1,0.2,0.1,0.02,,-3.4,0,-3.3,-0.1
345,D'Angelo Russell\russeda01,PG,22,BRK,8,226,14.8,0.533,0.472,0.16,2,11.7,7.1,31,1.3,1.3,17.5,26.2,,0.1,0.1,0.2,0.038,,0,-0.9,-0.9,0.1
346,Domantas Sabonis\sabondo01,C,22,IND,7,156,29.9,0.741,0.017,0.397,17.6,32.1,25.1,14.9,1.6,2.8,20,24.3,,0.7,0.3,1,0.301,,5.4,3,8.5,0.4
347,Dario Saric\saricda01,PF,24,PHI,9,273,6.7,0.437,0.532,0.191,6.3,16.7,11.5,10.1,0.7,0.6,13.6,17.6,,-0.3,0.3,0,0.005,,-3.4,-0.4,-3.8,-0.1
348,Tomas Satoransky\satorto01,SG,27,WAS,7,91,12.6,0.568,0.227,0.545,2.2,12.6,7.4,21.6,0.5,0.9,9.9,13.9,,0.2,0,0.2,0.09,,-1,-1.8,-2.7,0
349,Dennis Schroder\schrode01,PG,25,OKC,7,202,11.5,0.454,0.276,0.306,1.9,11.5,6.5,32,1.4,0.4,13.9,25.2,,-0.1,0.2,0.1,0.024,,-2.3,-0.8,-3,-0.1
350,Mike Scott\scottmi01,PF,30,LAC,8,90,12.7,0.75,0.5,0,2.5,15.1,9.3,10.9,1.6,0,13,10.7,,0.2,0.1,0.3,0.16,,3.2,-0.1,3.1,0.1
351,Wayne Selden\seldewa01,SG,24,MEM,6,94,13.1,0.653,0.485,0.152,2.4,4.8,3.6,11.2,2.1,0,18.5,20.6,,0,0.1,0.2,0.089,,-0.3,-1.3,-1.6,0
352,Collin Sexton\sextoco01,PG,20,CLE,8,194,12,0.536,0.107,0.44,3.8,8.9,6.2,13.9,1,0.4,16.7,23.3,,0.1,-0.1,0,-0.001,,-2,-4.2,-6.3,-0.2
353,Landry Shamet\shamela01,SG,21,PHI,9,169,8.7,0.545,0.725,0.137,1.2,5.3,3.2,5.7,1.4,0.5,5.3,13.8,,0.1,0.2,0.3,0.072,,-0.7,-1.6,-2.3,0
354,Iman Shumpert\shumpim01,SG,28,SAC,7,157,14.4,0.641,0.64,0.14,0.7,12.9,6.8,8.7,1.7,2.2,8.6,15.2,,0.3,0.2,0.5,0.138,,2.5,-0.5,2,0.2
355,Pascal Siakam\siakapa01,PF,24,TOR,8,208,16.7,0.624,0.203,0.203,5.8,21,13.9,11.7,2.3,1.9,16.7,16.9,,0.3,0.4,0.6,0.15,,0.6,3.3,3.9,0.3
356,Ben Simmons\simmobe01,PG,22,PHI,8,250,17.4,0.511,0,0.418,8.8,21.4,15.2,40,1.5,1.5,20.6,22.2,,0.2,0.4,0.6,0.11,,-0.3,2.5,2.2,0.3
357,Jonathon Simmons\simmojo02,SG,29,ORL,6,144,5.1,0.386,0.356,0.271,3.9,9.6,6.5,16.5,0.7,1.2,12,21.9,,-0.3,0.1,-0.3,-0.088,,-5,-1.4,-6.4,-0.2
358,Anfernee Simons\simonan01,SG,19,POR,2,3,8.9,0.5,0.5,0,0,0,0,0,0,0,0,28.3,,0,0,0,0.008,,-1.5,-8,-9.5,0
359,Marcus Smart\smartma01,SG,24,BOS,8,186,7.8,0.446,0.556,0.417,2.6,9.7,6.1,20.9,2.1,1.3,20.5,12.3,,-0.1,0.4,0.4,0.093,,-3.2,3.4,0.2,0.1
360,Dennis Smith\smithde03,PG,21,DAL,7,209,11.6,0.5,0.284,0.157,2.1,6.9,4.3,22.8,1.8,1.2,16.1,25.7,,-0.2,0.1,-0.1,-0.016,,-2.8,-2.5,-5.3,-0.2
361,Ish Smith\smithis01,PG,30,DET,7,201,12.5,0.601,0.394,0.076,0.5,8.8,4.5,17.7,0.5,0.8,11.7,16.1,,0.3,0.2,0.5,0.11,,0.8,-1.5,-0.8,0.1
362,J.R. Smith\smithjr01,SG,33,CLE,4,48,1.2,0.339,0.462,0.308,0,10.3,4.8,2.7,3.1,0,16.9,15.6,,-0.1,0,-0.1,-0.132,,-7,-2.5,-9.5,-0.1
363,Jason Smith\smithja02,C,32,WAS,5,79,13,0.51,0.1,0.4,11.6,22.4,17,12.7,0.6,4,14.5,14.5,,0.1,0,0.1,0.076,,-2.3,1.8,-0.5,0
364,Tony Snell\snellto01,SG,27,MIL,8,131,13.5,0.684,0.658,0.132,1.7,7.3,4.8,6.1,0.7,1.2,4.7,13.2,,0.3,0.2,0.5,0.184,,2.8,0.4,3.2,0.2
365,Ray Spalding\spaldra01,PF,21,DAL,1,1,0,,,,0,0,0,0,0,0,,0,,0,0,0,-0.011,,-6.5,-0.3,-6.8,0
366,Omari Spellman\spellom01,PF,21,ATL,7,126,11.8,0.528,0.45,0.2,10.3,13,11.7,9.3,1.1,1.3,12.1,16,,0.1,0.1,0.2,0.059,,-2.1,-1.1,-3.2,0
367,Nik Stauskas\stausni01,SG,25,POR,8,177,15.8,0.64,0.534,0.207,2.6,8.8,6,13.5,0.8,0.4,10,16.8,,0.5,0.1,0.6,0.165,,3.5,-1.1,2.4,0.2
368,Lance Stephenson\stephla01,SG,28,LAL,8,153,19.4,0.605,0.294,0.103,5.5,17.8,11.7,18.6,2.7,0,13.4,21.8,,0.3,0.1,0.4,0.128,,2.3,-1,1.3,0.1
369,Edmond Sumner\sumneed01,PG,23,IND,5,20,-2.6,0.205,0.25,0.5,6,0,2.9,5.8,2.5,0,17,13.1,,-0.1,0,-0.1,-0.133,,-7.1,0.3,-6.8,0
370,Caleb Swanigan\swanica01,PF,21,POR,4,57,8.2,0.47,0.111,0.278,11.9,33.9,24,4.7,0.8,0,22.9,19.5,,-0.1,0.1,0,0.023,,-6.2,-0.8,-6.9,-0.1
371,Jayson Tatum\tatumja01,SF,20,BOS,8,260,13,0.52,0.287,0.315,3,21.1,11.9,12.5,0.9,0.6,10.9,22.7,,0,0.6,0.6,0.118,,-2,2,-0.1,0.1
372,Jeff Teague\teaguje01,PG,30,MIN,7,212,13,0.493,0.282,0.359,0.5,7.9,4.2,31,1.3,0.4,12.6,19.9,,0.2,0,0.2,0.044,,-0.6,-3.9,-4.4,-0.1
373,Garrett Temple\templga01,SG,32,MEM,6,182,14.8,0.64,0.534,0.362,1.8,11.8,6.8,7.2,1.4,1.5,9.4,18.3,,0.3,0.3,0.6,0.151,,0.9,0.1,1,0.1
374,Milos Teodosic\teodomi01,PG,31,LAC,4,40,15.1,0.875,0.75,0,2.8,14.6,9.2,34.7,1.2,1.9,42.9,14.6,,0.1,0,0.1,0.131,,2.4,-1,1.4,0
375,Daniel Theis\theisda01,C,26,BOS,5,61,15.3,0.617,0.217,0.13,11.2,16.4,13.7,11.4,0,1.4,14.1,19.9,,0.1,0.1,0.2,0.173,,0.3,1.1,1.4,0.1
376,Lance Thomas\thomala01,PF,30,NYK,8,137,3.3,0.405,0.448,0.241,3,11.7,7.1,2.9,1.8,1.3,15.8,11.7,,-0.2,0.1,-0.1,-0.024,,-4.4,0.9,-3.5,-0.1
377,Klay Thompson\thompkl01,SG,28,GSW,9,295,12.8,0.529,0.408,0.134,2,11.5,7.1,6,1,1.6,8.8,26,,0,0.2,0.2,0.037,,-2.1,-3.4,-5.5,-0.3
378,Tristan Thompson\thomptr01,C,27,CLE,8,214,15.1,0.498,0,0.207,16.9,22,19.2,10.7,1.1,1.2,13.6,14.4,,0.3,0,0.3,0.061,,0.2,-0.9,-0.7,0.1
379,Anthony Tolliver\tollian01,PF,33,MIN,8,167,11.5,0.704,0.861,0.194,1.9,13.8,7.8,4,1.1,3.3,13.3,11,,0.2,0,0.3,0.076,,1.3,-0.5,0.7,0.1
380,Karl-Anthony Towns\townska01,C,23,MIN,8,258,20.1,0.587,0.357,0.339,9.3,25.1,17.2,11,1.1,5.4,15.2,24,,0.4,0.2,0.6,0.118,,1.4,0.9,2.3,0.3
381,Allonzo Trier\trieral01,SG,23,NYK,8,170,13,0.593,0.204,0.352,3,11.5,7,8.8,0.6,1.6,16.1,18.4,,0.1,0.1,0.2,0.063,,-1,-0.7,-1.8,0
382,P.J. Tucker\tuckepj01,PF,33,HOU,6,214,11.6,0.555,0.696,0.13,4.8,11.5,7.7,5.9,3.1,1.8,9.3,10.4,,0.2,0.1,0.3,0.069,,-0.8,2.2,1.4,0.2
383,Evan Turner\turneev01,PG,30,POR,8,198,15.1,0.543,0.104,0.194,1.7,17.2,10.2,26.2,2.2,1.2,18.9,19.2,,0.1,0.3,0.4,0.106,,-0.6,2.4,1.7,0.2
384,Myles Turner\turnemy01,C,22,IND,8,216,16.1,0.531,0.125,0.188,7.8,15.3,11.6,7.7,0.7,6.9,9.4,19.7,,0.2,0.3,0.5,0.114,,-1.3,3.1,1.8,0.2
385,Ekpe Udoh\udohek01,C,31,UTA,5,30,7.5,0.758,,,3.9,18.4,11.3,12,0,5.2,43.1,6.5,,0,0,0.1,0.098,,-3.6,4.2,0.6,0
386,Tyler Ulis\ulisty01,PG,23,CHI,1,1,0,,,,0,0,0,0,0,0,,0,,0,0,0,-0.043,,-5.5,-0.7,-6.2,0
387,Jonas Valanciunas\valanjo01,C,26,TOR,8,146,27.4,0.606,0.128,0.346,15,25.2,20.4,10.7,1.3,2.8,8.2,28.1,,0.6,0.3,0.8,0.275,,3.6,0.6,4.1,0.2
388,Fred VanVleet\vanvlfr01,PG,24,TOR,4,99,13,0.481,0.372,0.256,2.2,9.8,6.2,28.8,0.5,0,9.5,22.4,,0.1,0.1,0.2,0.077,,0,-2.2,-2.2,0
389,Noah Vonleh\vonleno01,PF,23,NYK,8,169,22.6,0.653,0.128,0.718,12.1,32.7,21.8,14.5,1.7,4.2,14.9,15,,0.5,0.3,0.8,0.227,,2.4,4.3,6.7,0.4
390,Nikola Vucevic\vucevni01,C,28,ORL,7,201,28.1,0.639,0.118,0.215,10.6,28.1,18.7,28.3,2.4,2.9,14.3,24.8,,0.6,0.3,0.9,0.212,,6,4.3,10.3,0.6
391,Dwyane Wade\wadedw01,SG,37,MIA,7,176,13.2,0.525,0.358,0.185,6.4,11.7,9.1,18.7,0.8,1.4,16.3,24,,0,0.1,0.2,0.048,,0.2,0.3,0.5,0.1
392,Kemba Walker\walkeke02,PG,28,CHO,9,302,27.3,0.607,0.497,0.293,1.4,12.1,6.7,31,1.1,0.9,7.3,32.8,,1.2,0.2,1.5,0.234,,10.2,-2.7,7.5,0.7
393,John Wall\walljo01,PG,28,WAS,7,237,18.8,0.523,0.271,0.415,2.6,7.5,5,36.3,3.1,3,16.2,29.3,,0,0.1,0.1,0.03,,1.2,0.1,1.3,0.2
394,Tyrone Wallace\wallaty01,PG,24,LAC,5,15,2.8,0.425,0,0.4,0,6.5,3.5,9.3,0,0,14.5,19.2,,0,0,0,-0.086,,-6.9,-3.6,-10.5,0
395,Taurean Waller-Prince\princta02,SF,24,ATL,8,230,9.6,0.516,0.491,0.209,0.9,17.9,9.3,17.7,2.1,0.7,20.5,26.7,,-0.5,0.2,-0.2,-0.048,,-4.8,-0.9,-5.7,-0.2
396,Brad Wanamaker\wanambr01,PG,29,BOS,2,6,20.3,0.615,0.25,0.5,0,16.6,8.2,0,0,0,17,42,,0,0,0,0.067,,-6.1,-8.1,-14.2,0
397,T.J. Warren\warretj01,SF,25,PHO,7,175,19.4,0.611,0.291,0.151,5,11.5,8.1,10.6,1.1,2.3,8,24.7,,0.3,0,0.3,0.092,,2,-2.7,-0.6,0.1
398,Yuta Watanabe\watanyu01,SG,24,MEM,1,5,11.8,1.136,,,0,45.4,22.4,0,0,0,53.2,16.8,,0,0,0,0.131,,-11.3,-4.5,-15.7,0
399,Thomas Welsh\welshth01,C,22,DEN,3,7,4.8,0,1,0,0,30.6,15.4,33.1,0,0,0,6,,0,0,0,0.044,,-6.8,1.4,-5.4,0
400,Russell Westbrook\westbru01,PG,30,OKC,5,169,23.4,0.526,0.162,0.381,4,25.7,14.3,45.1,2.7,0.5,15.2,33.7,,0.1,0.3,0.4,0.12,,3.8,3.7,7.5,0.4
401,Hassan Whiteside\whiteha01,C,29,MIA,7,207,18.3,0.519,0.042,0.535,12.9,41.3,27.1,0,0.7,8.3,14.6,20.1,,0,0.5,0.5,0.108,,-7.5,0,-7.5,-0.3
402,Andrew Wiggins\wiggian01,SF,23,MIN,5,147,14.4,0.543,0.309,0.25,2.1,10.7,6.4,9.3,2.2,0.5,9.6,23.2,,0.1,0,0.1,0.046,,-0.2,-2.7,-3,0
403,C.J. Williams\willicj01,SG,28,MIN,3,19,-8.3,0.333,0.667,0,0,0,0,0,0,0,40,10.7,,-0.1,0,-0.1,-0.224,,-8.6,-3.5,-12.1,0
404,Johnathan Williams\willijo04,C,23,LAL,6,85,11,0.542,0,0.263,13.7,12.3,13,5.6,0.5,2.7,8.6,11.1,,0.1,0,0.2,0.09,,-0.7,-0.9,-1.6,0
405,Kenrich Williams\willike04,SF,24,NOP,3,18,6.2,0.625,0.5,0,0,18.3,8.9,0,0,0,0,8.9,,0,0,0,0.045,,-2.3,-4.8,-7.1,0
406,Lou Williams\willilo02,SG,32,LAC,8,193,18.3,0.579,0.324,0.4,1.8,7.1,4.6,19.6,1.2,0.4,15.1,31.5,,0.2,0.2,0.4,0.088,,2,-3.5,-1.6,0
407,Marvin Williams\willima02,PF,32,CHO,9,207,9.4,0.43,0.547,0.125,4,17.7,10.8,5.7,0.9,5.5,6.9,14.9,,-0.1,0.3,0.1,0.029,,-2.8,1.7,-1.1,0
408,Robert Williams\williro04,C,21,BOS,4,12,24.2,1,0,0,16.2,0,8.2,11.9,0,20.9,0,3.6,,0,0,0.1,0.343,,2.3,13,15.3,0.1
409,Troy Williams\willitr02,SF,24,SAC,2,46,12.5,0.75,0.6,0,0,13.3,6.7,2.6,1,3.7,0,8.9,,0.1,0,0.1,0.152,,1.6,0,1.6,0
410,Justise Winslow\winslju01,PF,22,MIA,3,73,11.8,0.416,0.208,0.458,5.6,12.7,9.2,15.2,3.2,2.2,9.4,17.6,,0,0.1,0.1,0.06,,-2.2,3.6,1.4,0.1
411,Christian Wood\woodch01,PF,23,MIL,3,15,4.6,0.521,0.5,1,0,17.3,9.7,0,0,0,14.8,18.5,,0,0,0,0.047,,-6.5,-3.7,-10.2,0
412,Delon Wright\wrighde01,PG,26,TOR,3,32,7.6,0.37,0.214,0.143,3.4,15.2,9.7,7.9,1.5,2.5,0,19.5,,0,0,0,0.019,,-5.4,0.4,-4.9,0
413,Guerschon Yabusele\yabusgu01,PF,23,BOS,5,18,7.5,0.333,0.5,0,10.8,16.6,13.7,0,0,4.6,0,14.3,,0,0,0,0.051,,-7,-0.8,-7.8,0
414,Thaddeus Young\youngth01,PF,30,IND,8,243,15,0.566,0.125,0.208,5.9,12.2,9.1,6.1,2.7,1.8,8.2,15.7,,0.3,0.4,0.7,0.132,,0.4,2.4,2.8,0.3
415,Trae Young\youngtr01,PG,20,ATL,8,248,14.4,0.546,0.407,0.339,1.2,8.3,4.7,36.7,0.7,0.7,17.6,27,,0.1,0.1,0.2,0.032,,-0.9,-4,-4.9,-0.2
416,Cody Zeller\zelleco01,C,26,CHO,9,204,18,0.673,0.057,0.34,9.7,18.4,14,11,1.2,2.6,15.3,15,,0.5,0.2,0.8,0.183,,2,1.4,3.4,0.3
417,Ante Zizic\zizican01,C,22,CLE,7,43,22,0.622,0,0.857,14.8,20.2,17.3,14.4,1.1,0,13.5,21.8,,0.1,0,0.1,0.154,,2.7,-3.4,-0.7,0
418,Ivica Zubac\zubaciv01,C,21,LAL,2,7,1.1,0,0,0,30.3,14.9,22.6,14.7,0,10.9,0,11.6,,0,0,0,-0.025,,-4.8,4.7,-0.1,0